ARTICLE NUMBER (SKU),EAN,PRODUCT NAME,PRODUCT PHOTO,DESCRIPTION,BRUTTO PRICE,DROPSHIPPING DISCOUNT,WHOLESALE DISCOUNT,COLOR,MATERIAL,PRODUCT DIMENSIONS AND WEIGHT,,DIMENSIONS AND WEIGHT OF THE SHIPMENT,
2001-01-N,5903957708041,SIDE BED 2IN1 + MATTRESS ,,"Technical informations:
- The two-piece mattress is 6 cm thick. It is a medium-firm foam mattress.
- The mattress comes with a cover that can be easily washed at 30℃, size 90 cm x 55 cm.
- The crib can be adjusted in 7 levels, raising the height by 3.2 cm each time.
- The set includes elements necessary for assembly.",159.9,0.2,>20% <30%,"NATURAL,
WHITE","BEECH WOOD,
COTTON,
FOAM",94 cm/ 45-58 cm/ 79-85 cm,13 kg,94 cm/ 60 cm/ 15cm,14 kg
2001N-88-N,5903957708249,SIDE BED 2IN1 + MATTRESS + COVER,,"Technical informations:
- The two-piece mattress is 6 cm thick. It is a medium-firm foam mattress.
- The mattress comes with a cover that can be easily washed at 30℃, size 90 cm x 55 cm.
- The cover is 270 cm long, 23 cm wide and made of cotton.
- The floor of the extension can be adjusted on 5 levels, in the range of 27-55 cm.
- The set includes elements necessary for assembly.",174.9,0.2,>20% <30%,"NATURAL,
WHITE","BEECH WOOD,
COTTON,
FOAM",94 cm/ 45-58 cm/ 79-85 cm,13 kg,94 cm/ 60 cm/ 15cm,14 kg
2001N-SMIX-N,5903957708270,SIDE BED 2IN1 + MATTRESS + COVER,,"Technical informations:
- The two-piece mattress is 6 cm thick. It is a medium-firm foam mattress.
- The mattress comes with a cover that can be easily washed at 30℃, size 90 cm x 55 cm.
- The cover is 270 cm long, 23 cm wide and made of cotton.
- The floor of the extension can be adjusted on 5 levels, in the range of 27-55 cm.
- The set includes elements necessary for assembly.",174.9,0.2,>20% <30%,"NATURAL,
GREY
STARS","BEECH WOOD,
COTTON,
FOAM",94 cm/ 45-58 cm/ 79-85 cm,13 kg,94 cm/ 60 cm/ 15cm,14 kg
2001N-8S1-N,5903957708232,SIDE BED 2IN1 + MATTRESS + COVER,,"Technical informations:
- The two-piece mattress is 6 cm thick. It is a medium-firm foam mattress.
- The mattress comes with a cover that can be easily washed at 30℃, size 90 cm x 55 cm.
- The cover is 270 cm long, 23 cm wide and made of cotton.
- The floor of the extension can be adjusted on 5 levels, in the range of 27-55 cm.
- The set includes elements necessary for assembly.",174.9,0.2,>20% <30%,NATURAL,"BEECH WOOD,
COTTON,
FOAM",94 cm/ 45-58 cm/ 79-85 cm,13 kg,94 cm/ 60 cm/ 15cm,14 kg
2001N-38-N,5904844910264,SIDE BED 2IN1 + MATTRESS + COVER,,"Technical informations:
- The two-piece mattress is 6 cm thick. It is a medium-firm foam mattress.
- The mattress comes with a cover that can be easily washed at 30℃, size 90 cm x 55 cm.
- The cover is 270 cm long, 23 cm wide and made of cotton.
- The floor of the extension can be adjusted on 5 levels, in the range of 27-55 cm.
- The set includes elements necessary for assembly.",174.9,0.2,>20% <30%,"NATURAL,
BLUE ","BEECH WOOD,
COTTON,
FOAM",94 cm/ 45-58 cm/ 79-85 cm,13 kg,94 cm/ 60 cm/ 15cm,14 kg
2001N-77-N,5904844910271,SIDE BED 2IN1 + MATTRESS + COVER,,"Technical informations:
- The two-piece mattress is 6 cm thick. It is a medium-firm foam mattress.
- The mattress comes with a cover that can be easily washed at 30℃, size 90 cm x 55 cm.
- The cover is 270 cm long, 23 cm wide and made of cotton.
- The floor of the extension can be adjusted on 5 levels, in the range of 27-55 cm.
- The set includes elements necessary for assembly.",174.9,0.2,>20% <30%,"NATURAL,
PINK","BEECH WOOD,
COTTON,
FOAM",94 cm/ 45-58 cm/ 79-85 cm,13 kg,94 cm/ 60 cm/ 15cm,14 kg
2001N-S17-N,5903957708294,SIDE BED 2IN1 + MATTRESS + COVER,,"Technical informations:
- The two-piece mattress is 6 cm thick. It is a medium-firm foam mattress.
- The mattress comes with a cover that can be easily washed at 30℃, size 90 cm x 55 cm.
- The cover is 270 cm long, 23 cm wide and made of cotton.
- The floor of the extension can be adjusted on 5 levels, in the range of 27-55 cm.
- The set includes elements necessary for assembly.",174.9,0.2,>20% <30%,"NATURAL,
WHITE, 
GRAY AND PINK
STARS ","BEECH WOOD,
COTTON,
FOAM",94 cm/ 45-58 cm/ 79-85 cm,13 kg,94 cm/ 60 cm/ 15cm,14 kg
2001N-P18-N,5903957708324,SIDE BED 2IN1 + MATTRESS + COVER,,"Technical informations:
- The two-piece mattress is 6 cm thick. It is a medium-firm foam mattress.
- The mattress comes with a cover that can be easily washed at 30℃, size 90 cm x 55 cm.
- The cover is 270 cm long, 23 cm wide and made of cotton.
- The floor of the extension can be adjusted on 5 levels, in the range of 27-55 cm.
- The set includes elements necessary for assembly.",174.9,0.2,>20% <30%,"NATURAL,
WHITE,
GRAY DOTS","BEECH WOOD,
COTTON,
FOAM",94 cm/ 45-58 cm/ 79-85 cm,13 kg,94 cm/ 60 cm/ 15cm,14 kg
2001N-P81-N,5903957708317,SIDE BED 2IN1 + MATTRESS + COVER,,"Technical informations:
- The two-piece mattress is 6 cm thick. It is a medium-firm foam mattress.
- The mattress comes with a cover that can be easily washed at 30℃, size 90 cm x 55 cm.
- The cover is 270 cm long, 23 cm wide and made of cotton.
- The floor of the extension can be adjusted on 5 levels, in the range of 27-55 cm.
- The set includes elements necessary for assembly.",174.9,0.2,>20% <30%,"WHITE,
GRAY,
WHITE DOTS","BEECH WOOD,
COTTON,
FOAM",94 cm/ 45-58 cm/ 79-85 cm,13 kg,94 cm/ 60 cm/ 15cm,14 kg
2001N-S13-N,5903957708300,SIDE BED 2IN1 + MATTRESS + COVER,,"Technical informations:
- The two-piece mattress is 6 cm thick. It is a medium-firm foam mattress.
- The mattress comes with a cover that can be easily washed at 30℃, size 90 cm x 55 cm.
- The cover is 270 cm long, 23 cm wide and made of cotton.
- The floor of the extension can be adjusted on 5 levels, in the range of 27-55 cm.
- The set includes elements necessary for assembly.",174.9,0.2,>20% <30%,"NATURAL,
WHITE,
BLUE AND GRAY STARS","BEECH WOOD,
COTTON,
FOAM",94 cm/ 45-58 cm/ 79-85 cm,13 kg,94 cm/ 60 cm/ 15cm,14 kg
2001N-S81-N,5903957708287,SIDE BED 2IN1 + MATTRESS + COVER,,"Technical informations:
- The two-piece mattress is 6 cm thick. It is a medium-firm foam mattress.
- The mattress comes with a cover that can be easily washed at 30℃, size 90 cm x 55 cm.
- The cover is 270 cm long, 23 cm wide and made of cotton.
- The floor of the extension can be adjusted on 5 levels, in the range of 27-55 cm.
- The set includes elements necessary for assembly.",174.9,0.2,>20% <30%,"NATURAL,
GRAY,
WHITE DOTS","BEECH WOOD,
COTTON,
FOAM",94 cm/ 45-58 cm/ 79-85 cm,13 kg,94 cm/ 60 cm/ 15cm,14 kg
2001N-SX18-N,5903957708263,SIDE BED 2IN1 + MATTRESS + COVER,,"Technical informations:
- The two-piece mattress is 6 cm thick. It is a medium-firm foam mattress.
- The mattress comes with a cover that can be easily washed at 30℃, size 90 cm x 55 cm.
- The cover is 270 cm long, 23 cm wide and made of cotton.
- The floor of the extension can be adjusted on 5 levels, in the range of 27-55 cm.
- The set includes elements necessary for assembly.",174.9,0.2,>20% <30%,"NATURAL,
WHITE,
GRAY STARS","BEECH WOOD,
COTTON,
FOAM",94 cm/ 45-58 cm/ 79-85 cm,13 kg,94 cm/ 60 cm/ 15cm,14 kg
2001N-SX81-N,5903957708256,SIDE BED 2IN1 + MATTRESS + COVER,,"Technical informations:
- The two-piece mattress is 6 cm thick. It is a medium-firm foam mattress.
- The mattress comes with a cover that can be easily washed at 30℃, size 90 cm x 55 cm.
- The cover is 270 cm long, 23 cm wide and made of cotton.
- The floor of the extension can be adjusted on 5 levels, in the range of 27-55 cm.
- The set includes elements necessary for assembly.",174.9,0.2,>20% <30%,"NATURAL,
GRAY,
WHITE STARS","BEECH WOOD,
COTTON,
FOAM",94 cm/ 45-58 cm/ 79-85 cm,13 kg,94 cm/ 60 cm/ 15cm,14 kg
2001N-P8-N ,5904844912343,SIDE BED 2IN1 + MATTRESS + COVER,,"Technical informations:
- The two-piece mattress is 6 cm thick. It is a medium-firm foam mattress.
- The mattress comes with a cover that can be easily washed at 30℃, size 90 cm x 55 cm.
- The cover is 270 cm long, 23 cm wide and made of cotton.
- The floor of the extension can be adjusted on 5 levels, in the range of 27-55 cm.
- The set includes elements necessary for assembly.",174.9,0.2,>20% <30%,"NATURAL, 
OWLS","BEECH WOOD,
COTTON,
FOAM",94 cm/ 45-58 cm/ 79-85 cm,13 kg,94 cm/ 60 cm/ 15cm,14 kg
2001N-L8-N,5904844912350,SIDE BED 2IN1 + MATTRESS + COVER,,"Technical informations:
- The two-piece mattress is 6 cm thick. It is a medium-firm foam mattress.
- The mattress comes with a cover that can be easily washed at 30℃, size 90 cm x 55 cm.
- The cover is 270 cm long, 23 cm wide and made of cotton.
- The floor of the extension can be adjusted on 5 levels, in the range of 27-55 cm.
- The set includes elements necessary for assembly.",174.9,0.2,>20% <30%,"NATURAL,
FOREST","BEECH WOOD,
COTTON,
FOAM",94 cm/ 45-58 cm/ 79-85 cm,13 kg,94 cm/ 60 cm/ 15cm,14 kg
2001-SMIX-N,5904844910325,SIDE BED 2IN1 + ADDICTIONS,,"Set contains:
- two-piece mattress, 4 cm thick, with removable cotton cover, small (90 x 40) and large (90 x 55),
-casing,
- quilt and pillow,
- a set of bedding,
-canopy,
- canopy support,
- set of 4 wheels with a locking mechanism,
- strip for the extra bed function,
- rungs for the bed function,
-a set of all necessary elements for assembly.
Extra bed dimensions: length 90cm, width 55cm.
Bed dimensions: length 90cm, width 40cm.",199.9,0.2,>20% <30%,"NATURAL,
GREY
STARS","BEECH WOOD,
COTTON,
FOAM",94 cm/ 45-58 cm/ 79-85 cm,13 kg,94 cm/ 60 cm/ 19cm,15 kg
2001-8S1-N,5904844910332,SIDE BED 2IN1 + ADDICTIONS,,"Set contains:
- two-piece mattress, 4 cm thick, with removable cotton cover, small (90 x 40) and large (90 x 55),
-casing,
- quilt and pillow,
- a set of bedding,
-canopy,
- canopy support,
- set of 4 wheels with a locking mechanism,
- strip for the extra bed function,
- rungs for the bed function,
-a set of all necessary elements for assembly.
Extra bed dimensions: length 90cm, width 55cm.
Bed dimensions: length 90cm, width 40cm.",199.9,0.2,>20% <30%,"NATURAL,
GREY
STARS","BEECH WOOD,
COTTON,
FOAM",94 cm/ 45-58 cm/ 79-85 cm,13 kg,94 cm/ 60 cm/ 19cm,15 kg
2001-38-N,5904844910295,SIDE BED 2IN1 + ADDICTIONS,,"Set contains:
- two-piece mattress, 4 cm thick, with removable cotton cover, small (90 x 40) and large (90 x 55),
-casing,
- quilt and pillow,
- a set of bedding,
-canopy,
- canopy support,
- set of 4 wheels with a locking mechanism,
- strip for the extra bed function,
- rungs for the bed function,
-a set of all necessary elements for assembly.
Extra bed dimensions: length 90cm, width 55cm.
Bed dimensions: length 90cm, width 40cm.",199.9,0.2,>20% <30%,"NATURAL,
BLUE ","BEECH WOOD,
COTTON,
FOAM",94 cm/ 45-58 cm/ 79-85 cm,13 kg,94 cm/ 60 cm/ 19cm,15 kg
2001-77-N,5904844910301,SIDE BED 2IN1 + ADDICTIONS,,"Set contains:
- two-piece mattress, 4 cm thick, with removable cotton cover, small (90 x 40) and large (90 x 55),
-casing,
- quilt and pillow,
- a set of bedding,
-canopy,
- canopy support,
- set of 4 wheels with a locking mechanism,
- strip for the extra bed function,
- rungs for the bed function,
-a set of all necessary elements for assembly.
Extra bed dimensions: length 90cm, width 55cm.
Bed dimensions: length 90cm, width 40cm.",199.9,0.2,>20% <30%,"NATURAL,
PINK","BEECH WOOD,
COTTON,
FOAM",94 cm/ 45-58 cm/ 79-85 cm,13 kg,94 cm/ 60 cm/ 19cm,15 kg
2001-88-N,5904844910288,SIDE BED 2IN1 + ADDICTIONS,,"Set contains:
- two-piece mattress, 4 cm thick, with removable cotton cover, small (90 x 40) and large (90 x 55),
-casing,
- quilt and pillow,
- a set of bedding,
-canopy,
- canopy support,
- set of 4 wheels with a locking mechanism,
- strip for the extra bed function,
- rungs for the bed function,
-a set of all necessary elements for assembly.
Extra bed dimensions: length 90cm, width 55cm.
Bed dimensions: length 90cm, width 40cm.",199.9,0.2,>20% <30%,"NATURAL,
GRAY, 
WHITE MICE","BEECH WOOD,
COTTON,
FOAM",94 cm/ 45-58 cm/ 79-85 cm,13 kg,94 cm/ 60 cm/ 19cm,15 kg
2001-S17-N,5904844910363,SIDE BED 2IN1 + ADDICTIONS,,"Set contains:
- two-piece mattress, 4 cm thick, with removable cotton cover, small (90 x 40) and large (90 x 55),
-casing,
- quilt and pillow,
- a set of bedding,
-canopy,
- canopy support,
- set of 4 wheels with a locking mechanism,
- strip for the extra bed function,
- rungs for the bed function,
-a set of all necessary elements for assembly.
Extra bed dimensions: length 90cm, width 55cm.
Bed dimensions: length 90cm, width 40cm.",199.9,0.2,>20% <30%,"NATURAL,
WHITE,
GRAY DOTS","BEECH WOOD,
COTTON,
FOAM",94 cm/ 45-58 cm/ 79-85 cm,13 kg,94 cm/ 60 cm/ 19cm,15 kg
2001-P18-N,5904844910417,SIDE BED 2IN1 + ADDICTIONS,,"Set contains:
- two-piece mattress, 4 cm thick, with removable cotton cover, small (90 x 40) and large (90 x 55),
-casing,
- quilt and pillow,
- a set of bedding,
-canopy,
- canopy support,
- set of 4 wheels with a locking mechanism,
- strip for the extra bed function,
- rungs for the bed function,
-a set of all necessary elements for assembly.
Extra bed dimensions: length 90cm, width 55cm.
Bed dimensions: length 90cm, width 40cm.",199.9,0.2,>20% <30%,NATURAL,"BEECH WOOD,
COTTON,
FOAM",94 cm/ 45-58 cm/ 79-85 cm,13 kg,94 cm/ 60 cm/ 19cm,15 kg
2001-S13-N,5904844910356,SIDE BED 2IN1 + ADDICTIONS,,"Set contains:
- two-piece mattress, 4 cm thick, with removable cotton cover, small (90 x 40) and large (90 x 55),
-casing,
- quilt and pillow,
- a set of bedding,
-canopy,
- canopy support,
- set of 4 wheels with a locking mechanism,
- strip for the extra bed function,
- rungs for the bed function,
-a set of all necessary elements for assembly.
Extra bed dimensions: length 90cm, width 55cm.
Bed dimensions: length 90cm, width 40cm.",199.9,0.2,>20% <30%,"NATURAL,
WHITE,
BLUE AND GRAY STARS","BEECH WOOD,
COTTON,
FOAM",94 cm/ 45-58 cm/ 79-85 cm,13 kg,94 cm/ 60 cm/ 19cm,15 kg
2001-S81-N,5904844910349,SIDE BED 2IN1 + ADDICTIONS,,"Set contains:
- two-piece mattress, 4 cm thick, with removable cotton cover, small (90 x 40) and large (90 x 55),
-casing,
- quilt and pillow,
- a set of bedding,
-canopy,
- canopy support,
- set of 4 wheels with a locking mechanism,
- strip for the extra bed function,
- rungs for the bed function,
-a set of all necessary elements for assembly.
Extra bed dimensions: length 90cm, width 55cm.
Bed dimensions: length 90cm, width 40cm.",199.9,0.2,>20% <30%,"NATURAL,
GRAY,
WHITE DOTS","BEECH WOOD,
COTTON,
FOAM",94 cm/ 45-58 cm/ 79-85 cm,13 kg,94 cm/ 60 cm/ 19cm,15 kg
2001-SX18-N,5904844910387,SIDE BED 2IN1 + ADDICTIONS,,"Set contains:
- two-piece mattress, 4 cm thick, with removable cotton cover, small (90 x 40) and large (90 x 55),
-casing,
- quilt and pillow,
- a set of bedding,
-canopy,
- canopy support,
- set of 4 wheels with a locking mechanism,
- strip for the extra bed function,
- rungs for the bed function,
-a set of all necessary elements for assembly.
Extra bed dimensions: length 90cm, width 55cm.
Bed dimensions: length 90cm, width 40cm.",199.9,0.2,>20% <30%,"NATURAL,
WHITE,
GRAY STARS","BEECH WOOD,
COTTON,
FOAM",94 cm/ 45-58 cm/ 79-85 cm,13 kg,94 cm/ 60 cm/ 19cm,15 kg
2001-SX81-N,5904844910370,SIDE BED 2IN1 + ADDICTIONS,,"Set contains:
- two-piece mattress, 4 cm thick, with removable cotton cover, small (90 x 40) and large (90 x 55),
-casing,
- quilt and pillow,
- a set of bedding,
-canopy,
- canopy support,
- set of 4 wheels with a locking mechanism,
- strip for the extra bed function,
- rungs for the bed function,
-a set of all necessary elements for assembly.
Extra bed dimensions: length 90cm, width 55cm.
Bed dimensions: length 90cm, width 40cm.",199.9,0.2,>20% <30%,"NATURAL,
GRAY,
WHITE STARS","BEECH WOOD,
COTTON,
FOAM",94 cm/ 45-58 cm/ 79-85 cm,13 kg,94 cm/ 60 cm/ 19cm,15 kg
2001-P8-N,5904844913579,SIDE BED 2IN1 + ADDICTIONS,,"Set contains:
- two-piece mattress, 4 cm thick, with removable cotton cover, small (90 x 40) and large (90 x 55),
-casing,
- quilt and pillow,
- a set of bedding,
-canopy,
- canopy support,
- set of 4 wheels with a locking mechanism,
- strip for the extra bed function,
- rungs for the bed function,
-a set of all necessary elements for assembly.
Extra bed dimensions: length 90cm, width 55cm.
Bed dimensions: length 90cm, width 40cm.",199.9,0.2,>20% <30%,"NATURAL, 
OWLS","BEECH WOOD,
COTTON,
FOAM",94 cm/ 45-58 cm/ 79-85 cm,13 kg,94 cm/ 60 cm/ 19cm,15 kg
2001-L8-N,5904844913586,SIDE BED 2IN1 + ADDICTIONS,,"Set contains:
- two-piece mattress, 4 cm thick, with removable cotton cover, small (90 x 40) and large (90 x 55),
-casing,
- quilt and pillow,
- a set of bedding,
-canopy,
- canopy support,
- set of 4 wheels with a locking mechanism,
- strip for the extra bed function,
- rungs for the bed function,
-a set of all necessary elements for assembly.
Extra bed dimensions: length 90cm, width 55cm.
Bed dimensions: length 90cm, width 40cm.",199.9,0.2,>20% <30%,"NATURAL,
FOREST","BEECH WOOD,
COTTON,
FOAM",94 cm/ 45-58 cm/ 79-85 cm,13 kg,94 cm/ 60 cm/ 19cm,15 kg
2001-01-W,5903957708034,SIDE BED 2IN1 + MATTRESS ,,"Technical informations:
- The two-piece mattress is 6 cm thick. It is a medium-firm foam mattress.
- The mattress comes with a cover that can be easily washed at 30℃, size 90 cm x 55 cm.
- The crib can be adjusted in 7 levels, raising the height by 3.2 cm each time.
- The set includes elements necessary for assembly.",159.9,0.2,>20% <30%,WHITE,"BEECH WOOD,
COTTON,
FOAM",94 cm/ 45-58 cm/ 79-85 cm,13 kg,94 cm/ 60 cm/ 15cm,14 kg
2001N-88-W,5903957708904,SIDE BED 2IN1 + MATTRESS + COVER,,"Technical informations:
- The two-piece mattress is 6 cm thick. It is a medium-firm foam mattress.
- The mattress comes with a cover that can be easily washed at 30℃, size 90 cm x 55 cm.
- The cover is 270 cm long, 23 cm wide and made of cotton.
- The floor of the extension can be adjusted on 5 levels, in the range of 27-55 cm.
- The set includes elements necessary for assembly.",174.9,0.2,>20% <30%,WHITE,"BEECH WOOD,
COTTON,
FOAM",94 cm/ 45-58 cm/ 79-85 cm,13 kg,94 cm/ 60 cm/ 15cm,14 kg
2001N-SMIX-W,5903957708911,SIDE BED 2IN1 + MATTRESS + COVER,,"Technical informations:
- The two-piece mattress is 6 cm thick. It is a medium-firm foam mattress.
- The mattress comes with a cover that can be easily washed at 30℃, size 90 cm x 55 cm.
- The cover is 270 cm long, 23 cm wide and made of cotton.
- The floor of the extension can be adjusted on 5 levels, in the range of 27-55 cm.
- The set includes elements necessary for assembly.",174.9,0.2,>20% <30%,"WHITE,
GREY
STARS","BEECH WOOD,
COTTON,
FOAM",94 cm/ 45-58 cm/ 79-85 cm,13 kg,94 cm/ 60 cm/ 15cm,14 kg
2001N-8S1-W,5903957708898,SIDE BED 2IN1 + MATTRESS + COVER,,"Technical informations:
- The two-piece mattress is 6 cm thick. It is a medium-firm foam mattress.
- The mattress comes with a cover that can be easily washed at 30℃, size 90 cm x 55 cm.
- The cover is 270 cm long, 23 cm wide and made of cotton.
- The floor of the extension can be adjusted on 5 levels, in the range of 27-55 cm.
- The set includes elements necessary for assembly.",174.9,0.2,>20% <30%,"WHITE,
GREY
STARS","BEECH WOOD,
COTTON,
FOAM",94 cm/ 45-58 cm/ 79-85 cm,13 kg,94 cm/ 60 cm/ 15cm,14 kg
2001N-38-W,5903957708959,SIDE BED 2IN1 + MATTRESS + COVER,,"Technical informations:
- The two-piece mattress is 6 cm thick. It is a medium-firm foam mattress.
- The mattress comes with a cover that can be easily washed at 30℃, size 90 cm x 55 cm.
- The cover is 270 cm long, 23 cm wide and made of cotton.
- The floor of the extension can be adjusted on 5 levels, in the range of 27-55 cm.
- The set includes elements necessary for assembly.",174.9,0.2,>20% <30%,"WHITE,
BLUE ","BEECH WOOD,
COTTON,
FOAM",94 cm/ 45-58 cm/ 79-85 cm,13 kg,94 cm/ 60 cm/ 15cm,14 kg
2001N-77-W,5903957708966,SIDE BED 2IN1 + MATTRESS + COVER,,"Technical informations:
- The two-piece mattress is 6 cm thick. It is a medium-firm foam mattress.
- The mattress comes with a cover that can be easily washed at 30℃, size 90 cm x 55 cm.
- The cover is 270 cm long, 23 cm wide and made of cotton.
- The floor of the extension can be adjusted on 5 levels, in the range of 27-55 cm.
- The set includes elements necessary for assembly.",174.9,0.2,>20% <30%,"WHITE,
PINK","BEECH WOOD,
COTTON,
FOAM",94 cm/ 45-58 cm/ 79-85 cm,13 kg,94 cm/ 60 cm/ 15cm,14 kg
2001N-S17-W,5903957708980,SIDE BED 2IN1 + MATTRESS + COVER,,"Technical informations:
- The two-piece mattress is 6 cm thick. It is a medium-firm foam mattress.
- The mattress comes with a cover that can be easily washed at 30℃, size 90 cm x 55 cm.
- The cover is 270 cm long, 23 cm wide and made of cotton.
- The floor of the extension can be adjusted on 5 levels, in the range of 27-55 cm.
- The set includes elements necessary for assembly.",174.9,0.2,>20% <30%,"WHITE, 
GRAY AND PINK
STARS ","BEECH WOOD,
COTTON,
FOAM",94 cm/ 45-58 cm/ 79-85 cm,13 kg,94 cm/ 60 cm/ 15cm,14 kg
2001N-P18-W,5903957708935,SIDE BED 2IN1 + MATTRESS + COVER,,"Technical informations:
- The two-piece mattress is 6 cm thick. It is a medium-firm foam mattress.
- The mattress comes with a cover that can be easily washed at 30℃, size 90 cm x 55 cm.
- The cover is 270 cm long, 23 cm wide and made of cotton.
- The floor of the extension can be adjusted on 5 levels, in the range of 27-55 cm.
- The set includes elements necessary for assembly.",174.9,0.2,>20% <30%,"
WHITE,
GRAY DOTS","BEECH WOOD,
COTTON,
FOAM",94 cm/ 45-58 cm/ 79-85 cm,13 kg,94 cm/ 60 cm/ 15cm,14 kg
2001N-P81-W,5903957708942,SIDE BED 2IN1 + MATTRESS + COVER,,"Technical informations:
- The two-piece mattress is 6 cm thick. It is a medium-firm foam mattress.
- The mattress comes with a cover that can be easily washed at 30℃, size 90 cm x 55 cm.
- The cover is 270 cm long, 23 cm wide and made of cotton.
- The floor of the extension can be adjusted on 5 levels, in the range of 27-55 cm.
- The set includes elements necessary for assembly.",174.9,0.2,>20% <30%,"WHITE,
GRAY,
WHITE DOTS","BEECH WOOD,
COTTON,
FOAM",94 cm/ 45-58 cm/ 79-85 cm,13 kg,94 cm/ 60 cm/ 15cm,14 kg
2001N-S13-W,5903957708973,SIDE BED 2IN1 + MATTRESS + COVER,,"Technical informations:
- The two-piece mattress is 6 cm thick. It is a medium-firm foam mattress.
- The mattress comes with a cover that can be easily washed at 30℃, size 90 cm x 55 cm.
- The cover is 270 cm long, 23 cm wide and made of cotton.
- The floor of the extension can be adjusted on 5 levels, in the range of 27-55 cm.
- The set includes elements necessary for assembly.",174.9,0.2,>20% <30%,"
WHITE,
BLUE AND GRAY STARS","BEECH WOOD,
COTTON,
FOAM",94 cm/ 45-58 cm/ 79-85 cm,13 kg,94 cm/ 60 cm/ 15cm,14 kg
2001N-S81-W,5903957708614,SIDE BED 2IN1 + MATTRESS + COVER,,"Technical informations:
- The two-piece mattress is 6 cm thick. It is a medium-firm foam mattress.
- The mattress comes with a cover that can be easily washed at 30℃, size 90 cm x 55 cm.
- The cover is 270 cm long, 23 cm wide and made of cotton.
- The floor of the extension can be adjusted on 5 levels, in the range of 27-55 cm.
- The set includes elements necessary for assembly.",174.9,0.2,>20% <30%,"WHITE,
GRAY,
WHITE DOTS","BEECH WOOD,
COTTON,
FOAM",94 cm/ 45-58 cm/ 79-85 cm,13 kg,94 cm/ 60 cm/ 15cm,14 kg
2001N-SX18-W,5903957708997,SIDE BED 2IN1 + MATTRESS + COVER,,"Technical informations:
- The two-piece mattress is 6 cm thick. It is a medium-firm foam mattress.
- The mattress comes with a cover that can be easily washed at 30℃, size 90 cm x 55 cm.
- The cover is 270 cm long, 23 cm wide and made of cotton.
- The floor of the extension can be adjusted on 5 levels, in the range of 27-55 cm.
- The set includes elements necessary for assembly.",174.9,0.2,>20% <30%,"WHITE,
GRAY STARS","BEECH WOOD,
COTTON,
FOAM",94 cm/ 45-58 cm/ 79-85 cm,13 kg,94 cm/ 60 cm/ 15cm,14 kg
2001N-SX81-W,5904844910004,SIDE BED 2IN1 + MATTRESS + COVER,,"Technical informations:
- The two-piece mattress is 6 cm thick. It is a medium-firm foam mattress.
- The mattress comes with a cover that can be easily washed at 30℃, size 90 cm x 55 cm.
- The cover is 270 cm long, 23 cm wide and made of cotton.
- The floor of the extension can be adjusted on 5 levels, in the range of 27-55 cm.
- The set includes elements necessary for assembly.",174.9,0.2,>20% <30%,"WHITE,
GRAY,
WHITE STARS","BEECH WOOD,
COTTON,
FOAM",94 cm/ 45-58 cm/ 79-85 cm,13 kg,94 cm/ 60 cm/ 15cm,14 kg
2001N-P8-W,5904844912367,SIDE BED 2IN1 + MATTRESS + COVER,,"Technical informations:
- The two-piece mattress is 6 cm thick. It is a medium-firm foam mattress.
- The mattress comes with a cover that can be easily washed at 30℃, size 90 cm x 55 cm.
- The cover is 270 cm long, 23 cm wide and made of cotton.
- The floor of the extension can be adjusted on 5 levels, in the range of 27-55 cm.
- The set includes elements necessary for assembly.",174.9,0.2,>20% <30%,"WHITE, 
OWLS","BEECH WOOD,
COTTON,
FOAM",94 cm/ 45-58 cm/ 79-85 cm,13 kg,94 cm/ 60 cm/ 15cm,14 kg
2001N-L8-W,5904844912374,SIDE BED 2IN1 + MATTRESS + COVER,,"Technical informations:
- The two-piece mattress is 6 cm thick. It is a medium-firm foam mattress.
- The mattress comes with a cover that can be easily washed at 30℃, size 90 cm x 55 cm.
- The cover is 270 cm long, 23 cm wide and made of cotton.
- The floor of the extension can be adjusted on 5 levels, in the range of 27-55 cm.
- The set includes elements necessary for assembly.",174.9,0.2,>20% <30%,"WHITE,
FOREST","BEECH WOOD,
COTTON,
FOAM",94 cm/ 45-58 cm/ 79-85 cm,13 kg,94 cm/ 60 cm/ 15cm,14 kg
2001-SMIX-W,5904844910059,SIDE BED 2IN1 + ADDICTIONS,,"Set contains:
- two-piece mattress, 4 cm thick, with removable cotton cover, small (90 x 40) and large (90 x 55),
-casing,
- quilt and pillow,
- a set of bedding,
-canopy,
- canopy support,
- set of 4 wheels with a locking mechanism,
- strip for the extra bed function,
- rungs for the bed function,
-a set of all necessary elements for assembly.
Extra bed dimensions: length 90cm, width 55cm.
Bed dimensions: length 90cm, width 40cm.",199.9,0.2,>20% <30%,"WHITE,
GREY
STARS","BEECH WOOD,
COTTON,
FOAM",94 cm/ 45-58 cm/ 79-85 cm,13 kg,94 cm/ 60 cm/ 19cm,15 kg
2001-8S1-W,5904844910066,SIDE BED 2IN1 + ADDICTIONS,,"Set contains:
- two-piece mattress, 4 cm thick, with removable cotton cover, small (90 x 40) and large (90 x 55),
-casing,
- quilt and pillow,
- a set of bedding,
-canopy,
- canopy support,
- set of 4 wheels with a locking mechanism,
- strip for the extra bed function,
- rungs for the bed function,
-a set of all necessary elements for assembly.
Extra bed dimensions: length 90cm, width 55cm.
Bed dimensions: length 90cm, width 40cm.",199.9,0.2,>20% <30%,"WHITE,
GREY
STARS","BEECH WOOD,
COTTON,
FOAM",94 cm/ 45-58 cm/ 79-85 cm,13 kg,94 cm/ 60 cm/ 19cm,15 kg
2001-38-W,5904844910011,SIDE BED 2IN1 + ADDICTIONS,,"Set contains:
- two-piece mattress, 4 cm thick, with removable cotton cover, small (90 x 40) and large (90 x 55),
-casing,
- quilt and pillow,
- a set of bedding,
-canopy,
- canopy support,
- set of 4 wheels with a locking mechanism,
- strip for the extra bed function,
- rungs for the bed function,
-a set of all necessary elements for assembly.
Extra bed dimensions: length 90cm, width 55cm.
Bed dimensions: length 90cm, width 40cm.",199.9,0.2,>20% <30%,"WHITE,
BLUE ","BEECH WOOD,
COTTON,
FOAM",94 cm/ 45-58 cm/ 79-85 cm,13 kg,94 cm/ 60 cm/ 19cm,15 kg
2001-77-W,5904844910035,SIDE BED 2IN1 + ADDICTIONS,,"Set contains:
- two-piece mattress, 4 cm thick, with removable cotton cover, small (90 x 40) and large (90 x 55),
-casing,
- quilt and pillow,
- a set of bedding,
-canopy,
- canopy support,
- set of 4 wheels with a locking mechanism,
- strip for the extra bed function,
- rungs for the bed function,
-a set of all necessary elements for assembly.
Extra bed dimensions: length 90cm, width 55cm.
Bed dimensions: length 90cm, width 40cm.",199.9,0.2,>20% <30%,"WHITE,
PINK","BEECH WOOD,
COTTON,
FOAM",94 cm/ 45-58 cm/ 79-85 cm,13 kg,94 cm/ 60 cm/ 19cm,15 kg
2001-88-W,5904844910011,SIDE BED 2IN1 + ADDICTIONS,,"Set contains:
- two-piece mattress, 4 cm thick, with removable cotton cover, small (90 x 40) and large (90 x 55),
-casing,
- quilt and pillow,
- a set of bedding,
-canopy,
- canopy support,
- set of 4 wheels with a locking mechanism,
- strip for the extra bed function,
- rungs for the bed function,
-a set of all necessary elements for assembly.
Extra bed dimensions: length 90cm, width 55cm.
Bed dimensions: length 90cm, width 40cm.",199.9,0.2,>20% <30%,"WHITE,
GRAY, 
WHITE MICE","BEECH WOOD,
COTTON,
FOAM",94 cm/ 45-58 cm/ 79-85 cm,13 kg,94 cm/ 60 cm/ 19cm,15 kg
2001-S17-W,5904844910097,SIDE BED 2IN1 + ADDICTIONS,,"Set contains:
- two-piece mattress, 4 cm thick, with removable cotton cover, small (90 x 40) and large (90 x 55),
-casing,
- quilt and pillow,
- a set of bedding,
-canopy,
- canopy support,
- set of 4 wheels with a locking mechanism,
- strip for the extra bed function,
- rungs for the bed function,
-a set of all necessary elements for assembly.
Extra bed dimensions: length 90cm, width 55cm.
Bed dimensions: length 90cm, width 40cm.",199.9,0.2,>20% <30%,"
WHITE,
GRAY DOTS","BEECH WOOD,
COTTON,
FOAM",94 cm/ 45-58 cm/ 79-85 cm,13 kg,94 cm/ 60 cm/ 19cm,15 kg
2001-P18-W,5904844910127,SIDE BED 2IN1 + ADDICTIONS,,"Set contains:
- two-piece mattress, 4 cm thick, with removable cotton cover, small (90 x 40) and large (90 x 55),
-casing,
- quilt and pillow,
- a set of bedding,
-canopy,
- canopy support,
- set of 4 wheels with a locking mechanism,
- strip for the extra bed function,
- rungs for the bed function,
-a set of all necessary elements for assembly.
Extra bed dimensions: length 90cm, width 55cm.
Bed dimensions: length 90cm, width 40cm.",199.9,0.2,>20% <30%,WHITE,"BEECH WOOD,
COTTON,
FOAM",94 cm/ 45-58 cm/ 79-85 cm,13 kg,94 cm/ 60 cm/ 19cm,15 kg
2001-S13-W,5904844910080,SIDE BED 2IN1 + ADDICTIONS,,"Set contains:
- two-piece mattress, 4 cm thick, with removable cotton cover, small (90 x 40) and large (90 x 55),
-casing,
- quilt and pillow,
- a set of bedding,
-canopy,
- canopy support,
- set of 4 wheels with a locking mechanism,
- strip for the extra bed function,
- rungs for the bed function,
-a set of all necessary elements for assembly.
Extra bed dimensions: length 90cm, width 55cm.
Bed dimensions: length 90cm, width 40cm.",199.9,0.2,>20% <30%,"
WHITE,
BLUE AND GRAY STARS","BEECH WOOD,
COTTON,
FOAM",94 cm/ 45-58 cm/ 79-85 cm,13 kg,94 cm/ 60 cm/ 19cm,15 kg
2001-S81-W,5904844910073,SIDE BED 2IN1 + ADDICTIONS,,"Set contains:
- two-piece mattress, 4 cm thick, with removable cotton cover, small (90 x 40) and large (90 x 55),
-casing,
- quilt and pillow,
- a set of bedding,
-canopy,
- canopy support,
- set of 4 wheels with a locking mechanism,
- strip for the extra bed function,
- rungs for the bed function,
-a set of all necessary elements for assembly.
Extra bed dimensions: length 90cm, width 55cm.
Bed dimensions: length 90cm, width 40cm.",199.9,0.2,>20% <30%,"WHITE,
GRAY,
WHITE DOTS","BEECH WOOD,
COTTON,
FOAM",94 cm/ 45-58 cm/ 79-85 cm,13 kg,94 cm/ 60 cm/ 19cm,15 kg
2001-SX18-W,5904844910110,SIDE BED 2IN1 + ADDICTIONS,,"Set contains:
- two-piece mattress, 4 cm thick, with removable cotton cover, small (90 x 40) and large (90 x 55),
-casing,
- quilt and pillow,
- a set of bedding,
-canopy,
- canopy support,
- set of 4 wheels with a locking mechanism,
- strip for the extra bed function,
- rungs for the bed function,
-a set of all necessary elements for assembly.
Extra bed dimensions: length 90cm, width 55cm.
Bed dimensions: length 90cm, width 40cm.",199.9,0.2,>20% <30%,"WHITE,
GRAY STARS","BEECH WOOD,
COTTON,
FOAM",94 cm/ 45-58 cm/ 79-85 cm,13 kg,94 cm/ 60 cm/ 19cm,15 kg
2001-SX81-W,5904844910103,SIDE BED 2IN1 + ADDICTIONS,,"Set contains:
- two-piece mattress, 4 cm thick, with removable cotton cover, small (90 x 40) and large (90 x 55),
-casing,
- quilt and pillow,
- a set of bedding,
-canopy,
- canopy support,
- set of 4 wheels with a locking mechanism,
- strip for the extra bed function,
- rungs for the bed function,
-a set of all necessary elements for assembly.
Extra bed dimensions: length 90cm, width 55cm.
Bed dimensions: length 90cm, width 40cm.",199.9,0.2,>20% <30%,"WHITE,
GRAY,
WHITE STARS","BEECH WOOD,
COTTON,
FOAM",94 cm/ 45-58 cm/ 79-85 cm,13 kg,94 cm/ 60 cm/ 19cm,15 kg
2001-P8-W,5904844912442,SIDE BED 2IN1 + ADDICTIONS,,"Set contains:
- two-piece mattress, 4 cm thick, with removable cotton cover, small (90 x 40) and large (90 x 55),
-casing,
- quilt and pillow,
- a set of bedding,
-canopy,
- canopy support,
- set of 4 wheels with a locking mechanism,
- strip for the extra bed function,
- rungs for the bed function,
-a set of all necessary elements for assembly.
Extra bed dimensions: length 90cm, width 55cm.
Bed dimensions: length 90cm, width 40cm.",199.9,0.2,>20% <30%,"WHITE, 
OWLS","BEECH WOOD,
COTTON,
FOAM",94 cm/ 45-58 cm/ 79-85 cm,13 kg,94 cm/ 60 cm/ 19cm,15 kg
2001-L8-W,5904844912459,SIDE BED 2IN1 + ADDICTIONS,,"Set contains:
- two-piece mattress, 4 cm thick, with removable cotton cover, small (90 x 40) and large (90 x 55),
-casing,
- quilt and pillow,
- a set of bedding,
-canopy,
- canopy support,
- set of 4 wheels with a locking mechanism,
- strip for the extra bed function,
- rungs for the bed function,
-a set of all necessary elements for assembly.
Extra bed dimensions: length 90cm, width 55cm.
Bed dimensions: length 90cm, width 40cm.",199.9,0.2,>20% <30%,"WHITE,
FOREST","BEECH WOOD,
COTTON,
FOAM",94 cm/ 45-58 cm/ 79-85 cm,13 kg,94 cm/ 60 cm/ 19cm,15 kg
2001-01-G,5903957708027,SIDE BED 2IN1 + MATTRESS ,,"Technical informations:
- The two-piece mattress is 6 cm thick. It is a medium-firm foam mattress.
- The mattress comes with a cover that can be easily washed at 30℃, size 90 cm x 55 cm.
- The floor of the extension can be adjusted on 5 levels, in the range of 27-55 cm.
- The set includes elements necessary for assembly.",159.9,0.2,>20% <30%,"GRAY,
WHITE","BEECH WOOD,
COTTON,
FOAM",94 cm/ 45-58 cm/ 79-85 cm,13 kg,94 cm/ 60 cm/ 15cm,14 kg
2001N-88-G,5903957708171,SIDE BED 2IN1 + MATTRESS + COVER,,"Technical informations:
- The two-piece mattress is 6 cm thick. It is a medium-firm foam mattress.
- The mattress comes with a cover that can be easily washed at 30℃, size 90 cm x 55 cm.
- The cover is 270 cm long, 23 cm wide and made of cotton.
- The floor of the extension can be adjusted on 5 levels, in the range of 27-55 cm.
- The set includes elements necessary for assembly.",174.9,0.2,>20% <30%,"GRAY,
WHITE","BEECH WOOD,
COTTON,
FOAM",94 cm/ 45-58 cm/ 79-85 cm,13 kg,94 cm/ 60 cm/ 15cm,14 kg
2001N-SMIX-G,5903957708072,SIDE BED 2IN1 + MATTRESS + COVER,,"Technical informations:
- The two-piece mattress is 6 cm thick. It is a medium-firm foam mattress.
- The mattress comes with a cover that can be easily washed at 30℃, size 90 cm x 55 cm.
- The cover is 270 cm long, 23 cm wide and made of cotton.
- The floor of the extension can be adjusted on 5 levels, in the range of 27-55 cm.
- The set includes elements necessary for assembly.",174.9,0.2,>20% <30%,"GRAY,
GREY
STARS","BEECH WOOD,
COTTON,
FOAM",94 cm/ 45-58 cm/ 79-85 cm,13 kg,94 cm/ 60 cm/ 15cm,14 kg
2001N-8S1-G,5903957708164,SIDE BED 2IN1 + MATTRESS + COVER,,"Technical informations:
- The two-piece mattress is 6 cm thick. It is a medium-firm foam mattress.
- The mattress comes with a cover that can be easily washed at 30℃, size 90 cm x 55 cm.
- The cover is 270 cm long, 23 cm wide and made of cotton.
- The floor of the extension can be adjusted on 5 levels, in the range of 27-55 cm.
- The set includes elements necessary for assembly.",174.9,0.2,>20% <30%,GRAY,"BEECH WOOD,
COTTON,
FOAM",94 cm/ 45-58 cm/ 79-85 cm,13 kg,94 cm/ 60 cm/ 15cm,14 kg
2001N-38-G,5903957708157,SIDE BED 2IN1 + MATTRESS + COVER,,"Technical informations:
- The two-piece mattress is 6 cm thick. It is a medium-firm foam mattress.
- The mattress comes with a cover that can be easily washed at 30℃, size 90 cm x 55 cm.
- The cover is 270 cm long, 23 cm wide and made of cotton.
- The floor of the extension can be adjusted on 5 levels, in the range of 27-55 cm.
- The set includes elements necessary for assembly.",174.9,0.2,>20% <30%,"GRAY,
BLUE ","BEECH WOOD,
COTTON,
FOAM",94 cm/ 45-58 cm/ 79-85 cm,13 kg,94 cm/ 60 cm/ 15cm,14 kg
2001N-77-G,5903957708140,SIDE BED 2IN1 + MATTRESS + COVER,,"Technical informations:
- The two-piece mattress is 6 cm thick. It is a medium-firm foam mattress.
- The mattress comes with a cover that can be easily washed at 30℃, size 90 cm x 55 cm.
- The cover is 270 cm long, 23 cm wide and made of cotton.
- The floor of the extension can be adjusted on 5 levels, in the range of 27-55 cm.
- The set includes elements necessary for assembly.",174.9,0.2,>20% <30%,"GRAY,
PINK","BEECH WOOD,
COTTON,
FOAM",94 cm/ 45-58 cm/ 79-85 cm,13 kg,94 cm/ 60 cm/ 15cm,14 kg
2001N-S17-G,5903957708096,SIDE BED 2IN1 + MATTRESS + COVER,,"Technical informations:
- The two-piece mattress is 6 cm thick. It is a medium-firm foam mattress.
- The mattress comes with a cover that can be easily washed at 30℃, size 90 cm x 55 cm.
- The cover is 270 cm long, 23 cm wide and made of cotton.
- The floor of the extension can be adjusted on 5 levels, in the range of 27-55 cm.
- The set includes elements necessary for assembly.",174.9,0.2,>20% <30%,"GRAY,
WHITE, 
GRAY AND PINK
STARS ","BEECH WOOD,
COTTON,
FOAM",94 cm/ 45-58 cm/ 79-85 cm,13 kg,94 cm/ 60 cm/ 15cm,14 kg
2001N-P18-W,5903957708126,SIDE BED 2IN1 + MATTRESS + COVER,,"Technical informations:
- The two-piece mattress is 6 cm thick. It is a medium-firm foam mattress.
- The mattress comes with a cover that can be easily washed at 30℃, size 90 cm x 55 cm.
- The cover is 270 cm long, 23 cm wide and made of cotton.
- The floor of the extension can be adjusted on 5 levels, in the range of 27-55 cm.
- The set includes elements necessary for assembly.",174.9,0.2,>20% <30%,"GRAY,
WHITE,
GRAY DOTS","BEECH WOOD,
COTTON,
FOAM",94 cm/ 45-58 cm/ 79-85 cm,13 kg,94 cm/ 60 cm/ 15cm,14 kg
2001N-P81-G,5903957708119,SIDE BED 2IN1 + MATTRESS + COVER,,"Technical informations:
- The two-piece mattress is 6 cm thick. It is a medium-firm foam mattress.
- The mattress comes with a cover that can be easily washed at 30℃, size 90 cm x 55 cm.
- The cover is 270 cm long, 23 cm wide and made of cotton.
- The floor of the extension can be adjusted on 5 levels, in the range of 27-55 cm.
- The set includes elements necessary for assembly.",174.9,0.2,>20% <30%,"WHITE,
GRAY,
WHITE DOTS","BEECH WOOD,
COTTON,
FOAM",94 cm/ 45-58 cm/ 79-85 cm,13 kg,94 cm/ 60 cm/ 15cm,14 kg
2001N-S13-G,5903957708102,SIDE BED 2IN1 + MATTRESS + COVER,,"Technical informations:
- The two-piece mattress is 6 cm thick. It is a medium-firm foam mattress.
- The mattress comes with a cover that can be easily washed at 30℃, size 90 cm x 55 cm.
- The cover is 270 cm long, 23 cm wide and made of cotton.
- The floor of the extension can be adjusted on 5 levels, in the range of 27-55 cm.
- The set includes elements necessary for assembly.",174.9,0.2,>20% <30%,"GRAY,
WHITE,
BLUE AND GRAY STARS","BEECH WOOD,
COTTON,
FOAM",94 cm/ 45-58 cm/ 79-85 cm,13 kg,94 cm/ 60 cm/ 15cm,14 kg
2001N-S81-G,5904844910905,SIDE BED 2IN1 + MATTRESS + COVER,,"Technical informations:
- The two-piece mattress is 6 cm thick. It is a medium-firm foam mattress.
- The mattress comes with a cover that can be easily washed at 30℃, size 90 cm x 55 cm.
- The cover is 270 cm long, 23 cm wide and made of cotton.
- The floor of the extension can be adjusted on 5 levels, in the range of 27-55 cm.
- The set includes elements necessary for assembly.",174.9,0.2,>20% <30%,"GRAY,
GRAY,
WHITE DOTS","BEECH WOOD,
COTTON,
FOAM",94 cm/ 45-58 cm/ 79-85 cm,13 kg,94 cm/ 60 cm/ 15cm,14 kg
2001N-SX18-G,5903957708065,SIDE BED 2IN1 + MATTRESS + COVER,,"Technical informations:
- The two-piece mattress is 6 cm thick. It is a medium-firm foam mattress.
- The mattress comes with a cover that can be easily washed at 30℃, size 90 cm x 55 cm.
- The cover is 270 cm long, 23 cm wide and made of cotton.
- The floor of the extension can be adjusted on 5 levels, in the range of 27-55 cm.
- The set includes elements necessary for assembly.",174.9,0.2,>20% <30%,"GRAY,
WHITE,
GRAY STARS","BEECH WOOD,
COTTON,
FOAM",94 cm/ 45-58 cm/ 79-85 cm,13 kg,94 cm/ 60 cm/ 15cm,14 kg
2001N-SX81-G,5903957708058,SIDE BED 2IN1 + MATTRESS + COVER,,"Technical informations:
- The two-piece mattress is 6 cm thick. It is a medium-firm foam mattress.
- The mattress comes with a cover that can be easily washed at 30℃, size 90 cm x 55 cm.
- The cover is 270 cm long, 23 cm wide and made of cotton.
- The floor of the extension can be adjusted on 5 levels, in the range of 27-55 cm.
- The set includes elements necessary for assembly.",174.9,0.2,>20% <30%,"GRAY,
GRAY,
WHITE STARS","BEECH WOOD,
COTTON,
FOAM",94 cm/ 45-58 cm/ 79-85 cm,13 kg,94 cm/ 60 cm/ 15cm,14 kg
2001N-P8-G,5904844912381,SIDE BED 2IN1 + MATTRESS + COVER,,"Technical informations:
- The two-piece mattress is 6 cm thick. It is a medium-firm foam mattress.
- The mattress comes with a cover that can be easily washed at 30℃, size 90 cm x 55 cm.
- The cover is 270 cm long, 23 cm wide and made of cotton.
- The floor of the extension can be adjusted on 5 levels, in the range of 27-55 cm.
- The set includes elements necessary for assembly.",174.9,0.2,>20% <30%,"GRAY, 
OWLS","BEECH WOOD,
COTTON,
FOAM",94 cm/ 45-58 cm/ 79-85 cm,13 kg,94 cm/ 60 cm/ 15cm,14 kg
2001N-L8-G,5904844912398,SIDE BED 2IN1 + MATTRESS + COVER,,"Technical informations:
- The two-piece mattress is 6 cm thick. It is a medium-firm foam mattress.
- The mattress comes with a cover that can be easily washed at 30℃, size 90 cm x 55 cm.
- The cover is 270 cm long, 23 cm wide and made of cotton.
- The floor of the extension can be adjusted on 5 levels, in the range of 27-55 cm.
- The set includes elements necessary for assembly.",174.9,0.2,>20% <30%,"GRAY,
FOREST","BEECH WOOD,
COTTON,
FOAM",94 cm/ 45-58 cm/ 79-85 cm,13 kg,94 cm/ 60 cm/ 15cm,14 kg
2001-88-G,5904844910141,SIDE BED 2IN1 + ADDICTIONS,,"Set contains:
- two-piece mattress, 4 cm thick, with removable cotton cover, small (90 x 40) and large (90 x 55),
-casing,
- quilt and pillow,
- a set of bedding,
-canopy,
- canopy support,
- set of 4 wheels with a locking mechanism,
- strip for the extra bed function,
- rungs for the bed function,
-a set of all necessary elements for assembly.
Extra bed dimensions: length 90cm, width 55cm.
Bed dimensions: length 90cm, width 40cm.",199.9,0.2,>20% <30%,"GRAY,
GREY
STARS","BEECH WOOD,
COTTON,
FOAM",94 cm/ 45-58 cm/ 79-85 cm,13 kg,94 cm/ 60 cm/ 19cm,15 kg
2001-SMIX-G,5904844910189,SIDE BED 2IN1 + ADDICTIONS,,"Set contains:
- two-piece mattress, 4 cm thick, with removable cotton cover, small (90 x 40) and large (90 x 55),
-casing,
- quilt and pillow,
- a set of bedding,
-canopy,
- canopy support,
- set of 4 wheels with a locking mechanism,
- strip for the extra bed function,
- rungs for the bed function,
-a set of all necessary elements for assembly.
Extra bed dimensions: length 90cm, width 55cm.
Bed dimensions: length 90cm, width 40cm.",199.9,0.2,>20% <30%,"GRAY,
GREY
STARS","BEECH WOOD,
COTTON,
FOAM",94 cm/ 45-58 cm/ 79-85 cm,13 kg,94 cm/ 60 cm/ 19cm,15 kg
2001-8S1-G,5904844910196,SIDE BED 2IN1 + ADDICTIONS,,"Set contains:
- two-piece mattress, 4 cm thick, with removable cotton cover, small (90 x 40) and large (90 x 55),
-casing,
- quilt and pillow,
- a set of bedding,
-canopy,
- canopy support,
- set of 4 wheels with a locking mechanism,
- strip for the extra bed function,
- rungs for the bed function,
-a set of all necessary elements for assembly.
Extra bed dimensions: length 90cm, width 55cm.
Bed dimensions: length 90cm, width 40cm.",199.9,0.2,>20% <30%,"GRAY,
BLUE ","BEECH WOOD,
COTTON,
FOAM",94 cm/ 45-58 cm/ 79-85 cm,13 kg,94 cm/ 60 cm/ 19cm,15 kg
2001-38-G,5904844910158,SIDE BED 2IN1 + ADDICTIONS,,"Set contains:
- two-piece mattress, 4 cm thick, with removable cotton cover, small (90 x 40) and large (90 x 55),
-casing,
- quilt and pillow,
- a set of bedding,
-canopy,
- canopy support,
- set of 4 wheels with a locking mechanism,
- strip for the extra bed function,
- rungs for the bed function,
-a set of all necessary elements for assembly.
Extra bed dimensions: length 90cm, width 55cm.
Bed dimensions: length 90cm, width 40cm.",199.9,0.2,>20% <30%,"GRAY,
PINK","BEECH WOOD,
COTTON,
FOAM",94 cm/ 45-58 cm/ 79-85 cm,13 kg,94 cm/ 60 cm/ 19cm,15 kg
2001-77-G,5904844910165,SIDE BED 2IN1 + ADDICTIONS,,"Set contains:
- two-piece mattress, 4 cm thick, with removable cotton cover, small (90 x 40) and large (90 x 55),
-casing,
- quilt and pillow,
- a set of bedding,
-canopy,
- canopy support,
- set of 4 wheels with a locking mechanism,
- strip for the extra bed function,
- rungs for the bed function,
-a set of all necessary elements for assembly.
Extra bed dimensions: length 90cm, width 55cm.
Bed dimensions: length 90cm, width 40cm.",199.9,0.2,>20% <30%,"GRAY,
GRAY, 
WHITE MICE","BEECH WOOD,
COTTON,
FOAM",94 cm/ 45-58 cm/ 79-85 cm,13 kg,94 cm/ 60 cm/ 19cm,15 kg
2001-S17-G,5904844910219,SIDE BED 2IN1 + ADDICTIONS,,"Set contains:
- two-piece mattress, 4 cm thick, with removable cotton cover, small (90 x 40) and large (90 x 55),
-casing,
- quilt and pillow,
- a set of bedding,
-canopy,
- canopy support,
- set of 4 wheels with a locking mechanism,
- strip for the extra bed function,
- rungs for the bed function,
-a set of all necessary elements for assembly.
Extra bed dimensions: length 90cm, width 55cm.
Bed dimensions: length 90cm, width 40cm.",199.9,0.2,>20% <30%,"GRAY,
WHITE,
GRAY DOTS","BEECH WOOD,
COTTON,
FOAM",94 cm/ 45-58 cm/ 79-85 cm,13 kg,94 cm/ 60 cm/ 19cm,15 kg
2001-P18-G,5904844910240,SIDE BED 2IN1 + ADDICTIONS,,"Set contains:
- two-piece mattress, 4 cm thick, with removable cotton cover, small (90 x 40) and large (90 x 55),
-casing,
- quilt and pillow,
- a set of bedding,
-canopy,
- canopy support,
- set of 4 wheels with a locking mechanism,
- strip for the extra bed function,
- rungs for the bed function,
-a set of all necessary elements for assembly.
Extra bed dimensions: length 90cm, width 55cm.
Bed dimensions: length 90cm, width 40cm.",199.9,0.2,>20% <30%,GRAY,"BEECH WOOD,
COTTON,
FOAM",94 cm/ 45-58 cm/ 79-85 cm,13 kg,94 cm/ 60 cm/ 19cm,15 kg
2001-S13-G,5904844910202,SIDE BED 2IN1 + ADDICTIONS,,"Set contains:
- two-piece mattress, 4 cm thick, with removable cotton cover, small (90 x 40) and large (90 x 55),
-casing,
- quilt and pillow,
- a set of bedding,
-canopy,
- canopy support,
- set of 4 wheels with a locking mechanism,
- strip for the extra bed function,
- rungs for the bed function,
-a set of all necessary elements for assembly.
Extra bed dimensions: length 90cm, width 55cm.
Bed dimensions: length 90cm, width 40cm.",199.9,0.2,>20% <30%,"GRAY,
WHITE,
BLUE AND GRAY STARS","BEECH WOOD,
COTTON,
FOAM",94 cm/ 45-58 cm/ 79-85 cm,13 kg,94 cm/ 60 cm/ 19cm,15 kg
2001-S81-G,5903957708089,SIDE BED 2IN1 + ADDICTIONS,,"Set contains:
- two-piece mattress, 4 cm thick, with removable cotton cover, small (90 x 40) and large (90 x 55),
-casing,
- quilt and pillow,
- a set of bedding,
-canopy,
- canopy support,
- set of 4 wheels with a locking mechanism,
- strip for the extra bed function,
- rungs for the bed function,
-a set of all necessary elements for assembly.
Extra bed dimensions: length 90cm, width 55cm.
Bed dimensions: length 90cm, width 40cm.",199.9,0.2,>20% <30%,"GRAY,
GRAY,
WHITE DOTS","BEECH WOOD,
COTTON,
FOAM",94 cm/ 45-58 cm/ 79-85 cm,13 kg,94 cm/ 60 cm/ 19cm,15 kg
2001-SX18-G,5903957708065,SIDE BED 2IN1 + ADDICTIONS,,"Set contains:
- two-piece mattress, 4 cm thick, with removable cotton cover, small (90 x 40) and large (90 x 55),
-casing,
- quilt and pillow,
- a set of bedding,
-canopy,
- canopy support,
- set of 4 wheels with a locking mechanism,
- strip for the extra bed function,
- rungs for the bed function,
-a set of all necessary elements for assembly.
Extra bed dimensions: length 90cm, width 55cm.
Bed dimensions: length 90cm, width 40cm.",199.9,0.2,>20% <30%,"GRAY,
WHITE,
GRAY STARS","BEECH WOOD,
COTTON,
FOAM",94 cm/ 45-58 cm/ 79-85 cm,13 kg,94 cm/ 60 cm/ 19cm,15 kg
2001-SX81-G,5904844910226,SIDE BED 2IN1 + ADDICTIONS,,"Set contains:
- two-piece mattress, 4 cm thick, with removable cotton cover, small (90 x 40) and large (90 x 55),
-casing,
- quilt and pillow,
- a set of bedding,
-canopy,
- canopy support,
- set of 4 wheels with a locking mechanism,
- strip for the extra bed function,
- rungs for the bed function,
-a set of all necessary elements for assembly.
Extra bed dimensions: length 90cm, width 55cm.
Bed dimensions: length 90cm, width 40cm.",199.9,0.2,>20% <30%,"GRAY,
GRAY,
WHITE STARS","BEECH WOOD,
COTTON,
FOAM",94 cm/ 45-58 cm/ 79-85 cm,13 kg,94 cm/ 60 cm/ 19cm,15 kg
2001-P8-G,5904844912466,SIDE BED 2IN1 + ADDICTIONS,,"Set contains:
- two-piece mattress, 4 cm thick, with removable cotton cover, small (90 x 40) and large (90 x 55),
-casing,
- quilt and pillow,
- a set of bedding,
-canopy,
- canopy support,
- set of 4 wheels with a locking mechanism,
- strip for the extra bed function,
- rungs for the bed function,
-a set of all necessary elements for assembly.
Extra bed dimensions: length 90cm, width 55cm.
Bed dimensions: length 90cm, width 40cm.",199.9,0.2,>20% <30%,"GRAY, 
OWLS","BEECH WOOD,
COTTON,
FOAM",94 cm/ 45-58 cm/ 79-85 cm,13 kg,94 cm/ 60 cm/ 19cm,15 kg
2001-L8-G,5904844912473,SIDE BED 2IN1 + ADDICTIONS,,"Set contains:
- two-piece mattress, 4 cm thick, with removable cotton cover, small (90 x 40) and large (90 x 55),
-casing,
- quilt and pillow,
- a set of bedding,
-canopy,
- canopy support,
- set of 4 wheels with a locking mechanism,
- strip for the extra bed function,
- rungs for the bed function,
-a set of all necessary elements for assembly.
Extra bed dimensions: length 90cm, width 55cm.
Bed dimensions: length 90cm, width 40cm.",199.9,0.2,>20% <30%,"GRAY,
FOREST","BEECH WOOD,
COTTON,
FOAM",94 cm/ 45-58 cm/ 79-85 cm,13 kg,94 cm/ 60 cm/ 19cm,15 kg
S-01,5904844910653,,,Belt for sidebed,17,0.2,>20% <30%,WHITE,,,1 kg,,1 kg
2001-01-O,5904844918161,SIDE BED 2IN1 + MATTRESS ,,"Technical informations:
- The two-piece mattress is 6 cm thick. It is a medium-firm foam mattress.
- The mattress comes with a cover that can be easily washed at 30℃, size 90 cm x 55 cm.
- The crib can be adjusted in 7 levels, raising the height by 3.2 cm each time.
- The set includes elements necessary for assembly.",159.9,0.2,>20% <30%,OLIVE,"BEECH WOOD,
COTTON,
FOAM",94 cm/ 45-58 cm/ 79-85 cm,13 kg,94 cm/ 60 cm/ 15cm,14 kg
2001-01-V,5904844918901,SIDE BED 2IN1 + MATTRESS ,,"Technical informations:
- The two-piece mattress is 6 cm thick. It is a medium-firm foam mattress.
- The mattress comes with a cover that can be easily washed at 30℃, size 90 cm x 55 cm.
- The crib can be adjusted in 7 levels, raising the height by 3.2 cm each time.
- The set includes elements necessary for assembly.",159.9,0.2,>20% <30%,VINTAGE,"BEECH WOOD,
COTTON,
FOAM",94 cm/ 45-58 cm/ 79-85 cm,13 kg,94 cm/ 60 cm/ 15cm,14 kg
BASIC-SIDEBED-2w1,5904844919397,Basic mattress for 2-in-1 Side Bed,,"Basic 2-in-1 mattress sold with the side bed. Made of high-quality flexible foam. The mattress is divided into two parts, making it suitable for every configuration of the bed.",59,0.2,>20% <30%,WHITE,T25 foam,,,,
SH-90X50-BEIGE,5904844918444,"Cotton Sheet for Side 
Bed 2in1 Beige ",,"Sheet dedicated for Sidebed 2in1
Cotton 190 gr
95% cotton 5% elastane
OEKO-TEX STANDARD 100",28.9,0.2,>20% <30%,BEIGE,"95% cotton, 
5% elastane, 190g/m²",90x50,,22 cm/ 18 cm/12 cm,"0,5 kg"
SH-90X50-CHAMPAGNE,5904844919533,"Cotton Sheet for Side 
Bed 2in1 Champagne",,"Sheet dedicated for Sidebed 2in1
Cotton 190 gr
95% cotton 5% elastane
OEKO-TEX STANDARD 100",28.9,0.2,>20% <30%,CHAMPAGNE,"95% cotton, 
5% elastane, 190g/m²",90x50,,22 cm/ 18 cm/12 cm,"0,5 kg"
SH-90X50-TAUPE,5904844918499,"Cotton Sheet for Side 
Bed 2in1 Taupe",,"Sheet dedicated for Sidebed 2in1
Cotton 190 gr
95% cotton 5% elastane
OEKO-TEX STANDARD 100",28.9,0.2,>20% <30%,TAUPE,"95% cotton, 
5% elastane, 190g/m²",90x50,,22 cm/ 18 cm/12 cm,"0,5 kg"
SH-90X50-BLUE,5904844918475,"Cotton Sheet for Side 
Bed 2in1 Blue",,"Sheet dedicated for Sidebed 2in1
Cotton 190 gr
95% cotton 5% elastane
OEKO-TEX STANDARD 100",28.9,0.2,>20% <30%,BLUE,"95% cotton, 
5% elastane, 190g/m²",90x50,,22 cm/ 18 cm/12 cm,"0,5 kg"
SH-90X50-GRAY,5904844918451,"Cotton Sheet for Side 
Bed 2in1 Gray",,"Sheet dedicated for Sidebed 2in1
Cotton 190 gr
95% cotton 5% elastane
OEKO-TEX STANDARD 100",28.9,0.2,>20% <30%,GRAY,"95% cotton, 
5% elastane, 190g/m²",90x50,,22 cm/ 18 cm/12 cm,"0,5 kg"
SH-90X50-WHITE,5904844918505,"Cotton Sheet for Side 
Bed 2in1 White",,"Sheet dedicated for Sidebed 2in1
Cotton 190 gr
95% cotton 5% elastane
OEKO-TEX STANDARD 100",28.9,0.2,>20% <30%,WHITE,"95% cotton, 
5% elastane, 190g/m²",90x50,,22 cm/ 18 cm/12 cm,"0,5 kg"
SH-90X50-ROSE,5904844918482,"Cotton Sheet for Side 
Bed 2in1 Rose ",,"Sheet dedicated for Sidebed 2in1
Cotton 190 gr
95% cotton 5% elastane
OEKO-TEX STANDARD 100",28.9,0.2,>20% <30%,ROSE,"95% cotton, 
5% elastane, 190g/m²",90x50,,22 cm/ 18 cm/12 cm,"0,5 kg"
SH-90X50-PINK,5904844919489,"Cotton Sheet for Side 
Bed 2in1 Rose ",,"Sheet dedicated for Sidebed 2in1
Cotton 190 gr
95% cotton 5% elastane
OEKO-TEX STANDARD 100",28.9,0.2,>20% <30%,PINK,"95% cotton, 
5% elastane, 190g/m²",90x50,,22 cm/ 18 cm/12 cm,"0,5 kg"
SH-90X50-GRAPHITE,5904844918468,"Cotton Sheet for Side 
Bed 2in1 Graphite ",,"Sheet dedicated for Sidebed 2in1
Cotton 190 gr
95% cotton 5% elastane
OEKO-TEX STANDARD 100",28.9,0.2,>20% <30%,GRAPHITE,"95% cotton, 
5% elastane, 190g/m²",90x50,,22 cm/ 18 cm/12 cm,"0,5 kg"
