ARTICLE NUMBER (SKU),EAN,PRODUCT NAME,PRODUCT PHOTO,REGISTERED DESIGN,DESCRIPTION,BRUTTO PRICE,DROPSHIPPING DISCOUNT,WHOLESALE DISCOUNT,COLOR,MATERIAL,PRODUCT DIMENSIONS AND WEIGHT,,DIMENSIONS AND WEIGHT OF THE SHIPMENT,,PHOTOS
W2-N,5903957708225,W2 BABY BED 7IN1,,"Registered design, protected by patent no:
007390836-0001","External dimensions and floor height measured without wheels.
Sideboard: height 75 cm, width about 38 cm, length 77.5 cm.
Smaller crib: height 75 cm, width 77.5 cm, length 77.5 cm.
Changing table: width 50 cm, length 77.5 cm.
Larger crib: H 75 cm, W 77.5 cm, L 127.5 cm.
5-level adjustable floor height: 7 cm, 18 cm, 30 cm, 41 cm, 49 cm.
Rubberized casters: 6 cm high.
3-part T25 firmness foam mattress with cotton covers - 6 cm high.",589,0.2,>20%  <30%,NATURAL ,BEECH WOOD,77-127 cm/ 77 cm/ 75-81 cm,25 kg,81 cm/ 38 cm/ 58 cm,27 kg,PHOTOS
W2-W,5903957708195,W2 BABY BED 7IN1,,"Registered design, protected by patent no:
007390836-0001","External dimensions and floor height measured without wheels.
Sideboard: height 75 cm, width about 38 cm, length 77.5 cm.
Smaller crib: height 75 cm, width 77.5 cm, length 77.5 cm.
Changing table: width 50 cm, length 77.5 cm.
Larger crib: H 75 cm, W 77.5 cm, L 127.5 cm.
5-level adjustable floor height: 7 cm, 18 cm, 30 cm, 41 cm, 49 cm.
Rubberized casters: 6 cm high.
3-part T25 firmness foam mattress with cotton covers - 6 cm high.",589,0.2,>20%  <30%,WHITE,BEECH WOOD,77-127 cm/ 77 cm/ 75-81 cm,25 kg,81 cm/ 38 cm/ 58 cm,27 kg,PHOTOS
W2-G,5903957708188,W2 BABY BED 7IN1,,"Registered design, protected by patent no:
007390836-0001","External dimensions and floor height measured without wheels.
Sideboard: height 75 cm, width about 38 cm, length 77.5 cm.
Smaller crib: height 75 cm, width 77.5 cm, length 77.5 cm.
Changing table: width 50 cm, length 77.5 cm.
Larger crib: H 75 cm, W 77.5 cm, L 127.5 cm.
5-level adjustable floor height: 7 cm, 18 cm, 30 cm, 41 cm, 49 cm.
Rubberized casters: 6 cm high.
3-part T25 firmness foam mattress with cotton covers - 6 cm high.",589,0.2,>20%  <30%,GRAY,BEECH WOOD,77-127 cm/ 77 cm/ 75-81 cm,25 kg,81 cm/ 38 cm/ 58 cm,27 kg,PHOTOS
W2-O,5904844915177,W2 BABY BED 7IN1,,"Registered design, protected by patent no:
007390836-0001","External dimensions and floor height measured without wheels.
Sideboard: height 75 cm, width about 38 cm, length 77.5 cm.
Smaller crib: height 75 cm, width 77.5 cm, length 77.5 cm.
Changing table: width 50 cm, length 77.5 cm.
Larger crib: H 75 cm, W 77.5 cm, L 127.5 cm.
5-level adjustable floor height: 7 cm, 18 cm, 30 cm, 41 cm, 49 cm.
Rubberized casters: 6 cm high.
3-part T25 firmness foam mattress with cotton covers - 6 cm high.",589,0.2,>20%  <30%,OLIVE,BEECH WOOD,77-127 cm/ 77 cm/ 75-81 cm,25 kg,81 cm/ 38 cm/ 58 cm,27 kg,PHOTOS
W2-V,5904844917195,W2 BABY BED 7IN1,,"Registered design, protected by patent no:
007390836-0001","External dimensions and floor height measured without wheels.
Sideboard: height 75 cm, width about 38 cm, length 77.5 cm.
Smaller crib: height 75 cm, width 77.5 cm, length 77.5 cm.
Changing table: width 50 cm, length 77.5 cm.
Larger crib: H 75 cm, W 77.5 cm, L 127.5 cm.
5-level adjustable floor height: 7 cm, 18 cm, 30 cm, 41 cm, 49 cm.
Rubberized casters: 6 cm high.
3-part T25 firmness foam mattress with cotton covers - 6 cm high.",589,0.2,>20%  <30%,VINTAGE,BEECH WOOD,77-127 cm/ 77 cm/ 75-81 cm,25 kg,81 cm/ 38 cm/ 58 cm,27 kg,
OWAL-N,5904844911896,OVAL BABY BED 7IN1 ,,"Registered design, protected by patent no:
004418713-0001","External dimensions and floor height measured without wheels. Small oval bed: height 81 cm, width 78 cm, length 78 cm.
Large oval bed: height 81 cm, width 78 cm, length 128.5 cm.
Changing table: height 81 cm, width 50 cm, length 78 cm.
5-level floor height adjustment: 12 cm, 24 cm, 35 cm, 47 cm and 55 cm.
3-piece mattress with cotton covers. The covers can be washed at 30 degrees Celsius.",589,0.2,>20%  <30%,NATURAL,BEECH WOOD,77-127 cm/ 77 cm/ 75-81 cm,25 kg,81 cm/ 38 cm/ 58 cm,27 kg,PHOTOS
OWAL-W,5903957708003,OVAL BABY BED 7IN1 ,,"Registered design, protected by patent no:
004418713-0001","External dimensions and floor height measured without wheels. Small oval bed: height 81 cm, width 78 cm, length 78 cm.
Large oval bed: height 81 cm, width 78 cm, length 128.5 cm.
Changing table: height 81 cm, width 50 cm, length 78 cm.
5-level floor height adjustment: 12 cm, 24 cm, 35 cm, 47 cm and 55 cm.
3-piece mattress with cotton covers. The covers can be washed at 30 degrees Celsius.",589,0.2,>20%  <30%,WHITE,BEECH WOOD,77-127 cm/ 77 cm/ 75-81 cm,25 kg,81 cm/ 38 cm/ 58 cm,27 kg,PHOTOS
OWAL-G,5903957708010,OVAL BABY BED 7IN1 ,,"Registered design, protected by patent no:
004418713-0001","External dimensions and floor height measured without wheels. Small oval bed: height 81 cm, width 78 cm, length 78 cm.
Large oval bed: height 81 cm, width 78 cm, length 128.5 cm.
Changing table: height 81 cm, width 50 cm, length 78 cm.
5-level floor height adjustment: 12 cm, 24 cm, 35 cm, 47 cm and 55 cm.
3-piece mattress with cotton covers. The covers can be washed at 30 degrees Celsius.",589,0.2,>20%  <30%,GRAY,BEECH WOOD,77-127 cm/ 77 cm/ 75-81 cm,25 kg,81 cm/ 38 cm/ 58 cm,27 kg,PHOTOS
OWAL-O,5904844915184,OVAL BABY BED 7IN1 ,,"Registered design, protected by patent no:
004418713-0001","External dimensions and floor height measured without wheels. Small oval bed: height 81 cm, width 78 cm, length 78 cm.
Large oval bed: height 81 cm, width 78 cm, length 128.5 cm.
Changing table: height 81 cm, width 50 cm, length 78 cm.
5-level floor height adjustment: 12 cm, 24 cm, 35 cm, 47 cm and 55 cm.
3-piece mattress with cotton covers. The covers can be washed at 30 degrees Celsius.",589,0.2,>20%  <30%,OLIVE,BEECH WOOD,77-127 cm/ 77 cm/ 75-81 cm,25 kg,81 cm/ 38 cm/ 58 cm,27 kg,PHOTOS
OWAL-V,5904844917188,OVAL BABY BED 7IN1 ,,"Registered design, protected by patent no:
004418713-0001","External dimensions and floor height measured without wheels. Small oval bed: height 81 cm, width 78 cm, length 78 cm.
Large oval bed: height 81 cm, width 78 cm, length 128.5 cm.
Changing table: height 81 cm, width 50 cm, length 78 cm.
5-level floor height adjustment: 12 cm, 24 cm, 35 cm, 47 cm and 55 cm.
3-piece mattress with cotton covers. The covers can be washed at 30 degrees Celsius.",589,0.2,>20%  <30%,VINTAGE,BEECH WOOD,77-127 cm/ 77 cm/ 75-81 cm,25 kg,81 cm/ 38 cm/ 58 cm,27 kg,
BASIC-W2-3w1,5904844919366,Basic mattress for the W2 cot,,,"Basic 3-in-1 mattress sold with the crib. Made of high-quality T-25 flexible foam with medium firmness. The mattress is divided into three parts, making it suitable for every configuration of the 7-in-1 crib.",119,0.2,>20%  <30%,WHITE,T25 foam,122 cm / 72 cm / 6 cm,,,,PHOTO
BASIC-OWAL-3w1,5904844919373,"
Basic mattress for an oval bed",,,"Basic 3-in-1 mattress sold with the crib. Made of high-quality T-25 flexible foam with medium firmness. The mattress is divided into three parts, making it suitable for every configuration of the 7-in-1 crib.",119,0.2,>20%  <30%,WHITE,T25 foam,123 cm / 74 cm / 6 cm,,,,PHOTO
677,5905951599038,Small Basic bed mattress W2,,,Rucken Basic is a complete and proven mattress made of high-quality T-25 elastic foam with medium H3 hardness. It will ensure undisturbed and peaceful sleep in comfortable conditions and the healthy development of your baby from the first days of life.,129,0.2,from 20% to 30%,WHITE,T25 foam,72 cm/ 72 cm/ 11 cm,"1,6 kg",72 cm/ 72 cm/ 11 cm,"1,6 kg",PHOTOS
732,5905951599113,Small Stabil bed mattress W2,,,"Stabil is a mattress with durable and highly elastic latex in the central part, which perfectly adapts to the shape of the baby's body. We managed to enhance the unique features of latex with excellent ventilation and the possibility of natural latex disinfection in a home freezer. All thanks to the production process, which takes place on the most modern machines.",139,0.2,from 20% to 30%,WHITE,Foam,72 cm/ 72 cm/ 11 cm,"1,6 kg",72 cm/ 72 cm/ 11 cm,"1,6 kg",PHOTOS
673,5905951599014,Small Aseptic crib mattress W2,,,"A mattress with excellent antibacterial and antiallergic properties. Like our other mattresses, we made it of highly elastic HR35 foam, but we did not add additional functional layers. Thanks to this, the antibacterial properties of the foam play the main role here, along with excellent and healthy support for the baby.",149,0.2,from 20% to 30%,WHITE,HR35 foam,72 cm/ 72 cm/ 11 cm,"1,8 kg",72 cm/ 72 cm/ 11 cm,"1,8 kg",PHOTOS
676,5905951599021,Small Basic bed mattress OVAL,,,Rucken Basic is a complete and proven mattress made of high-quality T-25 elastic foam with medium H3 hardness. It will ensure undisturbed and peaceful sleep in comfortable conditions and the healthy development of your baby from the first days of life.,129,0.2,>20%  <30%,WHITE,T25 foam,72 cm/ 72 cm/ 11 cm,"1,4 kg",72 cm/ 72 cm/ 11 cm,"1,4 kg",PHOTOS
731,5905951599106,Small Stabil bed mattress OVAL,,,"Stabil is a mattress with durable and highly elastic latex in the central part, which perfectly adapts to the shape of the baby's body. We managed to enhance the unique features of latex with excellent ventilation and the possibility of natural latex disinfection in a home freezer. All thanks to the production process, which takes place on the most modern machines.",139,0.2,>20%  <30%,WHITE,Foam,72 cm/ 72 cm/ 11 cm,"1,4 kg",72 cm/ 72 cm/ 11 cm,"1,4 kg",PHOTOS
675,5905951599007,Small Aseptic crib mattress OVAL,,,"A mattress with excellent antibacterial and antiallergic properties. Like our other mattresses, we made it of highly elastic HR35 foam, but we did not add additional functional layers. Thanks to this, the antibacterial properties of the foam play the main role here, along with excellent and healthy support for the baby.",149,0.2,>20%  <30%,WHITE,HR35 foam,72 cm/ 72 cm/ 11 cm,"1,8 kg",72 cm/ 72 cm/ 11 cm,"1,8 kg",PHOTOS
729,5905951599090,Stabil Large Bed Mattress W2,,,"Stabil is a mattress with durable and highly elastic latex in the central part, which perfectly adapts to the shape of the baby's body. We managed to enhance the unique features of latex with excellent ventilation and the possibility of natural latex disinfection in a home freezer. All thanks to the production process, which takes place on the most modern machines.",159,0.2,>20%  <30%,WHITE,T25 foam,122 cm/ 72 cm/ 11 cm,"3,2 kg",122 cm/ 72 cm/ 11 cm,"3,2 kg",PHOTOS
672,5905951599052,Aseptic Large Bed Mattress W2,,,"A mattress with excellent antibacterial and antiallergic properties. Like our other mattresses, we made it of highly elastic HR35 foam, but we did not add additional functional layers. Thanks to this, the antibacterial properties of the foam play the main role here, along with excellent and healthy support for the baby.",179,0.2,>20%  <30%,WHITE,T25 and HR 35/32 foam,122 cm/ 72 cm/ 11 cm,"3,2 kg",122 cm/ 72 cm/ 11 cm,"3,2 kg",PHOTOS
727,5905951599076,Aero Light Large Bed Mattress W2,,,"Aero light is a combination of excellent ventilation of the 3D mat and the Air Pro system. The core of the mattress is high-quality T25 foam, providing stable support with a hardness of H3.",179,0.2,>20%  <30%,WHITE,T25 and HR 35/32 foam,122 cm/ 72 cm/ 11 cm,"3,4 kg",122 cm/ 72 cm/ 11 cm,"3,4 kg",
671,5905951599069,Aero Large Crib Mattress W2,,,"Aero is probably the best breathable mattress on the market. The excellent ventilation of the Air Pro system used in our mattresses is additionally supported by a 3D mat added over the entire surface.

Thanks to Rucken Aero, you will create a comfortable zone with the perfect temperature between your baby's back and the mattress. The Aero mattress means definitely fewer wake-ups caused by overheating.",199,0.2,>20%  <30%,WHITE,T25 and HR 35/32 foam,122 cm/ 72 cm/ 11 cm,"3,8 kg",122 cm/ 72 cm/ 11 cm,"3,8 kg",
730,5905951599083,Stabil Large Bed Mattress OVAL,,,"Stabil is a mattress with durable and highly elastic latex in the central part, which perfectly adapts to the shape of the baby's body. We managed to enhance the unique features of latex with excellent ventilation and the possibility of natural latex disinfection in a home freezer. All thanks to the production process, which takes place on the most modern machines.",159,0.2,>20%  <30%,WHITE,T25 foam,122 cm/ 72 cm/ 11 cm,"3,2 kg",122 cm/ 72 cm/ 11 cm,"3,2 kg",PHOTOS
674,5905951599045,Aseptic Large Bed Mattress OVAL,,,"A mattress with excellent antibacterial and antiallergic properties. Like our other mattresses, we made it of highly elastic HR35 foam, but we did not add additional functional layers. Thanks to this, the antibacterial properties of the foam play the main role here, along with excellent and healthy support for the baby.",179,0.2,>20%  <30%,WHITE,T25 and HR 35/32 foam,122 cm/ 72 cm/ 11 cm,"3,2 kg",122 cm/ 72 cm/ 11 cm,"3,2 kg",PHOTOS
664,5907222788998,Aero Light Large Bed Mattress OVAL,,,"Aero light is a combination of excellent ventilation of the 3D mat and the Air Pro system. The core of the mattress is high-quality T25 foam, providing stable support with a hardness of H3.",179,0.2,>20%  <30%,WHITE,T25 and HR 35/32 foam,122 cm/ 72 cm/ 11 cm,"3,1 kg",122 cm/ 72 cm/ 11 cm,"3,1 kg",
669,5907222788981,Aero Large Crib Mattress OVAL,,,"Aero is probably the best breathable mattress on the market. The excellent ventilation of the Air Pro system used in our mattresses is additionally supported by a 3D mat added over the entire surface.

Thanks to Rucken Aero, you will create a comfortable zone with the perfect temperature between your baby's back and the mattress. The Aero mattress means definitely fewer wake-ups caused by overheating.",199,0.2,>20%  <30%,WHITE,T25 and HR 35/32 foam,122 cm/ 72 cm/ 11 cm,"3,5 kg",122 cm/ 72 cm/ 11 cm,"3,5 kg",
KOKOS-W2-MINI,5904844911537,COCONUT MATTRESS FOR CRIB 7IN2,,,"COCONUT mattress - parameters:
Mattress type: foam with coconut insert,
Side: double-sided,
Hardness: H3/H4,
Height: 10 cm,
Cover: hypoallergenic, removable, washable at 40 degrees
The mattress fits a small 7-in-1 bed.
Mattress dimensions: 73cm x 73cm.",105,0.2,>20%  <30%,ECRU,Fabric,73 cm/ 73 cm/ 10 cm,"2,5 kg",74 cm/ 74 cm/ 11 cm,3 kg,PHOTOS
KOKOS-W2-MAXI,5904844911544,COCONUT MATTRESS FOR CRIB 7IN1,,,"COCONUT mattress - parameters:
Mattress type: foam with coconut insert,
Side: double-sided,
Hardness: H3/H4,
Height: 10 cm,
Cover: hypoallergenic, removable, washable at 40 degrees
The mattress only fits the large 7-in-1 bed.",155,0.2,>20%  <30%,ECRU,Fabric,125 cm/ 73 cm/ 10 cm,"3,5 kg",127 cm/ 74 cm/ 11 cm,"4,2 kg",PHOTOS
KOKOS-OWAL-MINI,5904844912169,COCONUT MATTRESS FOR OVAL CRIB 7IN1 ,,,"COCONUT mattress - parameters:
Mattress type: foam with coconut insert,
Side: double-sided,
Hardness: H3/H4,
Height: 10 cm,
Cover: hypoallergenic, removable, washable at 40 degrees. The mattress fits a small, oval bed.",105,0.2,>20%  <30%,ECRU,Fabric,73 cm/ 73 cm/ 10 cm,"2,5 kg",74 cm/ 74 cm/ 11 cm,3 kg,PHOTOS
KOKOS-OWAL-MAXI,5904844912152,COCONUT MATTRESS FOR OVAL CRIB 7IN1 ,,,"Large KOKOS mattress for a 7-in-1 oval bed - parameters:
Mattress type: foam with coconut insert,
Side: double-sided,
Hardness: H3/H4,
Height: 10 cm,
Cover: hypoallergenic, removable, washable at 40 degrees
The mattress only fits a large oval bed.",155,0.2,>20%  <30%,ECRU,Fabric,125 cm/ 73 cm/ 10 cm,"3,5 kg",127 cm/ 74 cm/ 11 cm,"4,2 kg",PHOTOS
SH-W2-S-WHITE,5904844915801,Small sheet 73x73 dedicated to the W2 baby bed 7in1.,,,"Information about the sheet:
- designed and sewn in Poland from Polish materials,
- jersey cotton has the Oeko-tex Standard 100 Certificate",27.9,0.2,>20%  <30%,WHITE,Cotton,73 cm/ 73 cm,"0,25 kg",22 cm/ 18 cm/12 cm,"0,3 kg",PHOTOS
SH-W2-S-TAUPE,5904844914996,Small sheet 73x73 dedicated to the W2 baby bed 7in1.,,,"TAUPE (Brown) ""Cotton 190 gr
95% cotton 5% elastane"" ""
OEKO-TEX STANDARD 100""",27.9,0.2,>20%  <30%,BROWN,"Cotton 190gr 
95% cotton 
5% elastane",73 cm/ 73 cm,"0,25 kg",22 cm/ 18 cm/12 cm,"0,3 kg",PHOTOS
SH-W2-S-ROSE,5904844914965,Small sheet 73x73 dedicated to the W2 baby bed 7in1.,,,"ROSE ""Cotton 190 gr
95% cotton 5% elastane"" ""
OEKO-TEX STANDARD 100""",27.9,0.2,>20%  <30%,ROSE,"Cotton 190gr 
95% cotton 
5% elastane",73 cm/ 73 cm,"0,25 kg",22 cm/ 18 cm/12 cm,"0,3 kg",PHOTOS
SH-W2-S-PINK,5904844919403,Small sheet 73x73 dedicated to the W2 baby bed 7in1.,,,"PINK ""Cotton 190 gr
95% cotton 5% elastane"" ""
OEKO-TEX STANDARD 100""",27.9,0.2,>20%  <30%,PINK,"Cotton 190gr 
95% cotton 
5% elastane",73 cm/ 73 cm,"0,25 kg",22 cm/ 18 cm/12 cm,"0,3 kg",PHOTOS
SH-W2-S-BLUE,5904844914972,Small sheet 73x73 dedicated to the W2 baby bed 7in1.,,,"BLUE ""Cotton 190 gr
95% cotton 5% elastane"" ""
OEKO-TEX STANDARD 100""",27.9,0.2,>20%  <30%,BLUE,"Cotton 190gr 
95% cotton 
5% elastane",73 cm/ 73 cm,"0,25 kg",22 cm/ 18 cm/12 cm,"0,3 kg",PHOTOS
SH-W2-S-CHAMPAGNE,5904844914989,Small sheet 73x73 dedicated to the W2 baby bed 7in1.,,,"CHAMPAGNE ""Cotton 190 gr
95% cotton 5% elastane"" ""
OEKO-TEX STANDARD 100""",27.9,0.2,>20%  <30%,CHAMPAGNE,"Cotton 190gr 
95% cotton 
5% elastane",73 cm/ 73 cm,"0,25 kg",22 cm/ 18 cm/12 cm,"0,3 kg",PHOTOS
SH-W2-S-BEIGE,5904844915306,Small sheet 73x73 dedicated to the W2 baby bed 7in1.,,,"BEIGE ""Cotton 190 gr
95% cotton 5% elastane"" ""
OEKO-TEX STANDARD 100""",27.9,0.2,>20%  <30%,BEIGE,"Cotton 190gr 
95% cotton 
5% elastane",73 cm/ 73 cm,"0,25 kg",22 cm/ 18 cm/12 cm,"0,3 kg",PHOTOS
SH-W2-S-GRAPHITE,5904844915887,Small sheet 73x73 dedicated to the W2 baby bed 7in1.,,,"GRAPHITE ""Cotton 190 gr
95% cotton 5% elastane"" ""
OEKO-TEX STANDARD 100""",27.9,0.2,>20%  <30%,GRAPHITE,"Cotton 190gr 
95% cotton 
5% elastane",73 cm/ 73 cm,"0,25 kg",22 cm/ 18 cm/12 cm,"0,3 kg",PHOTOS
SH-W2-S-GRAY,5904844915924,Small sheet 73x73 dedicated to the W2 baby bed 7in1.,,,"GRAY ""Cotton 190 gr
95% cotton 5% elastane"" ""
OEKO-TEX STANDARD 100""",27.9,0.2,>20%  <30%,GRAY,"Cotton 190gr 
95% cotton 
5% elastane",73 cm/ 73 cm,"0,25 kg",22 cm/ 18 cm/12 cm,"0,3 kg",PHOTOS
SH-W2-M-WHITE,5904844915795,Large sheet 73x122 dedicated to the W2 baby bed 7in1.,,,"Information about the sheet:
- designed and sewn in Poland from Polish materials,
- jersey cotton has the Oeko-tex Standard 100 Certificate",29.9,0.2,>20%  <30%,WHITE,Cotton,122 cm/ 73 cm,"0,35 kg",22 cm/ 18 cm/12 cm,"0,5 kg",PHOTOS
SH-W2-M-TAUPE,5904844915009,Large sheet 73x122 dedicated to the W2 baby bed 7in1.,,,"TAUPE (Brown) ""Cotton 190 gr
95% cotton 5% elastane"" ""
OEKO-TEX STANDARD 100""",29.9,0.2,>20%  <30%,BROWN,"Cotton 190gr 
95% cotton 
5% elastane",122 cm/ 73 cm,"0,35 kg",22 cm/ 18 cm/12 cm,"0,5 kg",PHOTOS
SH-W2-M-ROSE,5904844915030,Large sheet 73x122 dedicated to the W2 baby bed 7in1.,,,"ROSE ""Cotton 190 gr
95% cotton 5% elastane"" ""
OEKO-TEX STANDARD 100""",29.9,0.2,>20%  <30%,ROSE,"Cotton 190gr 
95% cotton 
5% elastane",122 cm/ 73 cm,"0,35 kg",22 cm/ 18 cm/12 cm,"0,5 kg",PHOTOS
SH-W2-M-PINK,5904844919410,Large sheet 73x122 dedicated to the W2 baby bed 7in1.,,,"PINK ""Cotton 190 gr
95% cotton 5% elastane"" ""
OEKO-TEX STANDARD 100""",29.9,0.2,>20%  <30%,PINK,"Cotton 190gr 
95% cotton 
5% elastane",122 cm/ 73 cm,"0,35 kg",22 cm/ 18 cm/12 cm,"0,5 kg",PHOTOS
SH-W2-M-BLUE,5904844915023,Large sheet 73x122 dedicated to the W2 baby bed 7in1.,,,"BLUE ""Cotton 190 gr
95% cotton 5% elastane"" ""
OEKO-TEX STANDARD 100""",29.9,0.2,>20%  <30%,BLUE,"Cotton 190gr 
95% cotton 
5% elastane",122 cm/ 73 cm,"0,35 kg",22 cm/ 18 cm/12 cm,"0,5 kg",PHOTOS
SH-W2-M-CHAMPAGNE,5904844915016,Large sheet 73x122 dedicated to the W2 baby bed 7in1.,,,"CHAMPAGNE ""Cotton 190 gr
95% cotton 5% elastane"" ""
OEKO-TEX STANDARD 100""",29.9,0.2,>20%  <30%,CHAMPAGNE,"Cotton 190gr 
95% cotton 
5% elastane",122 cm/ 73 cm,"0,35 kg",22 cm/ 18 cm/12 cm,"0,5 kg",PHOTOS
SH-W2-M-BEIGE,5904844915313,Large sheet 73x122 dedicated to the W2 baby bed 7in1.,,,"BEIGE ""Cotton 190 gr
95% cotton 5% elastane"" ""
OEKO-TEX STANDARD 100""",29.9,0.2,>20%  <30%,BEIGE,"Cotton 190gr 
95% cotton 
5% elastane",122 cm/ 73 cm,"0,35 kg",22 cm/ 18 cm/12 cm,"0,5 kg",PHOTOS
SH-W2-M-GRAPHITE,5904844915870,Large sheet 73x122 dedicated to the W2 baby bed 7in1.,,,"GRAPHITE ""Cotton 190 gr
95% cotton 5% elastane"" ""
OEKO-TEX STANDARD 100""",29.9,0.2,>20%  <30%,GRAPHITE,"Cotton 190gr 
95% cotton 
5% elastane",122 cm/ 73 cm,"0,35 kg",22 cm/ 18 cm/12 cm,"0,5 kg",PHOTOS
SH-W2-M-GRAY,5904844915931,Large sheet 73x122 dedicated to the W2 baby bed 7in1.,,,"GRAY ""Cotton 190 gr
95% cotton 5% elastane"" ""
OEKO-TEX STANDARD 100""",29.9,0.2,>20%  <30%,GRAY,"Cotton 190gr 
95% cotton 
5% elastane",122 cm/ 73 cm,"0,35 kg",22 cm/ 18 cm/12 cm,"0,5 kg",PHOTOS
W2-S-WP,5904844914026,COTTON WATERPROOF SHEET SMALL W2,,,"About the sheet:
- waterproof sheet for a large 7-in-1 bed,
- designed and sewn in Poland from Polish materials,
- fits Waldin Baby Collection 7in1 beds.",27.9,0.2,>20%  <30%,WHITE,"
70% cotton 
30% elastane
outer membrane
100% Polyurethane",122 cm/ 73 cm,"0,16 kg",15 cm/ 13 cm/ 11 cm,"0,2 kg",PHOTOS
W2-M-WP,5904844914019,COTTON WATERPROOF SHEET LARGE W2,,,"About the sheet:
- waterproof sheet for a large 7-in-1 bed,
- designed and sewn in Poland from Polish materials,
- fits Waldin Baby Collection 7in1 beds.",29.9,0.2,>20%  <30%,WHITE,"
70% cotton 
30% elastane
outer membrane
100% Polyurethane",122 cm/ 73 cm,"0,25 kg",15 cm/ 13 cm/ 11 cm,"0,3 kg",PHOTOS
W2-SH-SET-J88,5904844913852,COTTON SHEETS W2 SET,,,"Information about the set:
- designed and sewn in Poland from Polish materials,
- jersey cotton has the Oeko-tex Standard 100 Certificate
- fits 7in1 Waldin Baby Collection W2 beds.",49,0.2,>20%  <30%,WHITE,Cotton,"122 cm/ 73 cm
73 cm/ 73 cm","0,6 kg",22 cm/ 18 cm/12 cm,"0,8 kg",PHOTOS
SH-OWAL-S-WHITE,5904844915788,Small sheet 73x73 dedicated to the oval baby bed 7in1.,,,"Information about the sheet:
- designed and sewn in Poland from Polish materials,
- jersey cotton has the Oeko-tex Standard 100 Certificate",27.9,0.2,>20%  <30%,WHITE,Cotton,73 cm/ 73 cm,"0,25 kg",22 cm/ 18 cm/12 cm,"0,3 kg",PHOTOS
SH-OWAL-S-TAUPE,5904844915078,Small sheet 73x73 dedicated to the oval baby bed 7in1.,,,"TAUPE (Brown) ""Cotton 190 gr
95% cotton 5% elastane"" ""
OEKO-TEX STANDARD 100""",27.9,0.2,>20%  <30%,BROWN,Cotton 190 gr 95% cotton 5% elastane,73 cm/ 73 cm,"0,25 kg",22 cm/ 18 cm/12 cm,"0,3 kg",PHOTOS
SH-OWAL-S-ROSE,5904844915054,Small sheet 73x73 dedicated to the oval baby bed 7in1.,,,"ROSE ""Cotton 190 gr
95% cotton 5% elastane"" ""
OEKO-TEX STANDARD 100""",27.9,0.2,>20%  <30%,ROSE,Cotton 190 gr 95% cotton 5% elastane,73 cm/ 73 cm,"0,25 kg",22 cm/ 18 cm/12 cm,"0,3 kg",PHOTOS
SH-OWAL-S-PINK,5904844919427,Small sheet 73x73 dedicated to the oval baby bed 7in1.,,,"PINK ""Cotton 190 gr
95% cotton 5% elastane"" ""
OEKO-TEX STANDARD 100""",27.9,0.2,>20%  <30%,PINK,Cotton 190 gr 95% cotton 5% elastane,73 cm/ 73 cm,"0,25 kg",22 cm/ 18 cm/12 cm,"0,3 kg",PHOTOS
SH-OWAL-S-BLUE,5904844915047,Small sheet 73x73 dedicated to the oval baby bed 7in1.,,,"BLUE ""Cotton 190 gr
95% cotton 5% elastane"" ""
OEKO-TEX STANDARD 100""",27.9,0.2,>20%  <30%,BLUE,Cotton 190 gr 95% cotton 5% elastane,73 cm/ 73 cm,"0,25 kg",22 cm/ 18 cm/12 cm,"0,3 kg",PHOTOS
SH-OWAL-S-CHAMPAGNE,5904844915061,Small sheet 73x73 dedicated to the oval baby bed 7in1.,,,"CHAMPAGNE ""Cotton 190 gr
95% cotton 5% elastane"" ""
OEKO-TEX STANDARD 100""",27.9,0.2,>20%  <30%,CHAMPAGNE,Cotton 190 gr 95% cotton 5% elastane,73 cm/ 73 cm,"0,25 kg",22 cm/ 18 cm/12 cm,"0,3 kg",PHOTOS
SH-OWAL-S-BEIGE,5904844915290,Small sheet 73x73 dedicated to the oval baby bed 7in1.,,,"BEIGE ""Cotton 190 gr
95% cotton 5% elastane"" ""
OEKO-TEX STANDARD 100""",27.9,0.2,>20%  <30%,BEIGE,"Cotton 190gr 
95% cotton 
5% elastane",73 cm/ 73 cm,"0,25 kg",22 cm/ 18 cm/12 cm,"0,3 kg",PHOTOS
SH-OWAL-S-GRAPHITE,5904844915894,Small sheet 73x73 dedicated to the oval baby bed 7in1.,,,"GRAPHITE ""Cotton 190 gr
95% cotton 5% elastane"" ""
OEKO-TEX STANDARD 100""",27.9,0.2,>20%  <30%,GRAPHITE,"Cotton 190gr 
95% cotton 
5% elastane",73 cm/ 73 cm,"0,25 kg",22 cm/ 18 cm/12 cm,"0,3 kg",PHOTOS
SH-OWAL-S-GRAY,5904844915917,Small sheet 73x73 dedicated to the oval baby bed 7in1.,,,"GRAY ""Cotton 190 gr
95% cotton 5% elastane"" ""
OEKO-TEX STANDARD 100""",27.9,0.2,>20%  <30%,GRAY,"Cotton 190gr 
95% cotton 
5% elastane",73 cm/ 73 cm,"0,25 kg",22 cm/ 18 cm/12 cm,"0,3 kg",PHOTOS
SH-OWAL-M-WHITE,5904844915771,Large sheet 73x122 dedicated to the W2 baby bed 7in1.,,,"Information about the sheet:
- designed and sewn in Poland from Polish materials,
- jersey cotton has the Oeko-tex Standard 100 Certificate",29.9,0.2,>20%  <30%,WHITE,"Cotton 190gr 
95% cotton 
5% elastane",122 cm/ 73 cm,"0,35 kg",22 cm/ 18 cm/12 cm,"0,5 kg",PHOTOS
SH-OWAL-M-TAUPE,5904844915085,Large sheet 73x122 dedicated to the oval baby bed 7in1.,,,"TAUPE (Brown) ""Cotton 190 gr
95% cotton 5% elastane"" ""
OEKO-TEX STANDARD 100""",29.9,0.2,>20%  <30%,BROWN,Cotton 190 gr 95% cotton 5% elastane,122 cm/ 73 cm,"0,35 kg",22 cm/ 18 cm/12 cm,"0,5 kg",PHOTOS
SH-OWAL-M-ROSE,5904844915115,Large sheet 73x122 dedicated to the oval baby bed 7in1.,,,"ROSE ""Cotton 190 gr
95% cotton 5% elastane"" ""
OEKO-TEX STANDARD 100""",29.9,0.2,>20%  <30%,ROSE,Cotton 190 gr 95% cotton 5% elastane,122 cm/ 73 cm,"0,35 kg",22 cm/ 18 cm/12 cm,"0,5 kg",PHOTOS
SH-OWAL-M-PINK,5904844919434,Large sheet 73x122 dedicated to the oval baby bed 7in1.,,,"PINK ""Cotton 190 gr
95% cotton 5% elastane"" ""
OEKO-TEX STANDARD 100""",29.9,0.2,>20%  <30%,PINK,Cotton 190 gr 95% cotton 5% elastane,122 cm/ 73 cm,"0,35 kg",22 cm/ 18 cm/12 cm,"0,5 kg",PHOTOS
SH-OWAL-M-BLUE,5904844915108,Large sheet 73x122 dedicated to the oval baby bed 7in1.,,,"BLUE ""Cotton 190 gr
95% cotton 5% elastane"" ""
OEKO-TEX STANDARD 100""",29.9,0.2,>20%  <30%,BLUE,Cotton 190 gr 95% cotton 5% elastane,122 cm/ 73 cm,"0,35 kg",22 cm/ 18 cm/12 cm,"0,5 kg",PHOTOS
SH-OWAL-M-CHAMPAGNE,5904844915092,Large sheet 73x122 dedicated to the oval baby bed 7in1.,,,"CHAMPAGNE ""Cotton 190 gr
95% cotton 5% elastane"" ""
OEKO-TEX STANDARD 100""",29.9,0.2,>20%  <30%,CHAMPAGNE,Cotton 190 gr 95% cotton 5% elastane,122 cm/ 73 cm,"0,35 kg",22 cm/ 18 cm/12 cm,"0,5 kg",PHOTOS
SH-OWAL-M-BEIGE,5904844915283,Large sheet 73x122 dedicated to the oval baby bed 7in1.,,,"BEIGE ""Cotton 190 gr
95% cotton 5% elastane"" ""
OEKO-TEX STANDARD 100""",29.9,0.2,>20%  <30%,BEIGE,"Cotton 190gr 
95% cotton 
5% elastane",122 cm/ 73 cm,"0,35 kg",22 cm/ 18 cm/12 cm,"0,5 kg",PHOTOS
SH-OWAL-M-GRAPHITE,5904844915863,Large sheet 73x122 dedicated to the oval baby bed 7in1.,,,"GRAPHITE ""Cotton 190 gr
95% cotton 5% elastane"" ""
OEKO-TEX STANDARD 100""",29.9,0.2,>20%  <30%,GRAPHITE,"Cotton 190gr 
95% cotton 
5% elastane",122 cm/ 73 cm,"0,35 kg",22 cm/ 18 cm/12 cm,"0,5 kg",PHOTOS
SH-OWAL-M-GRAY,5904844915900,Large sheet 73x122 dedicated to the oval baby bed 7in1.,,,"GRAY ""Cotton 190 gr
95% cotton 5% elastane"" ""
OEKO-TEX STANDARD 100""",29.9,0.2,>20%  <30%,GRAY,"Cotton 190gr 
95% cotton 
5% elastane",122 cm/ 73 cm,"0,35 kg",22 cm/ 18 cm/12 cm,"0,5 kg",PHOTOS
OWAL-S-WP ,5904844913999,COTTON WATERPROOF SHEET SMALL OVAL,,,"About the sheet:
- waterproof sheet for a large 7-in-1 bed,
- designed and sewn in Poland from Polish materials,
- fits Waldin Baby Collection 7in1 beds.",27.9,0.2,>20%  <30%,WHITE,"70% cotton 
30% elastane
Inner membrane
100% Polyurethane",73 cm/ 73 cm,"0,16 kg",15 cm/ 13 cm/ 11 cm,"0,2 kg",PHOTOS
OWAL-M-WP,5904844914002,COTTON WATERPROOF SHEET LARGE OVAL,,,"About the sheet:
- waterproof sheet for a large 7-in-1 bed,
- designed and sewn in Poland from Polish materials,
- fits Waldin Baby Collection 7in1 beds.",29.9,0.2,>20%  <30%,WHITE,"70% cotton 
30% elastane
Inner membrane
100% Polyurethane",122 cm/ 73 cm,"0,25 kg",15 cm/ 13 cm/ 11 cm,"0,3 kg",PHOTOS
OWAL-SH-SET-J88,5904844913845,COTTON SHEETS OVAL SET,,,"Information about the set:
- designed and sewn in Poland from Polish materials,
- jersey cotton has the Oeko-tex Standard 100 Certificate
- fits 7in1 Waldin Baby Collection oval beds.",49,0.2,>20%  <30%,WHITE,100% Cotton,"122 cm/ 73 cm
73 cm/ 73 cm","0,6 kg",22 cm/ 18 cm/12 cm,"0,8 kg",PHOTOS
SH-SIDEBED-WP,5904844915818,Cotton waterproof sheet for the sidebed ,,,"Sheet information:
- waterproof sheet for the attachment,
- designed and sewn in Poland from Polish materials.",24,0.2,>20%  <30%,WHITE,"70% cotton 
30% elastane
Inner membrane
100% Polyurethane",,,,,
SH-SIDEBED-WHITE,5904844913951,COTTON SHEET STARTER,,,"Technical information:
- designed and sewn in Poland from Polish materials,
- The cotton jersey is certified according to Oeko-tex Standard 100 and GOTS.
- Fits to the 7-in-1 Waldin Baby Collection cot extension.",24,0.2,>20%  <30%,WHITE,100% Cotton,90 cm/ 60 cm,"0,25 kg",22 cm/ 18 cm/12 cm,"0,5 kg",PHOTOS
SH-SIDEBED-BEIGE,5904844915351,Sheet dedicated to the 7in1 sidebed,,,"Technical information:
- designed and sewn in Poland from Polish materials,
- The cotton jersey is certified according to Oeko-tex Standard 100 and GOTS.
- Fits to the 7-in-1 Waldin Baby Collection cot extension.",24,0.2,>20%  <30%,BEIGE,"Cotton 190gr 
95% cotton 
5% elastane",93 cm/ 44 cm,"0,35 kg",22 cm/ 18 cm/12 cm,"0,5 kg",PHOTOS
SH-SIDEBED-CHAMPAGNE,5904844919496,Sheet dedicated to the 7in1 sidebed,,,"Technical information:
- designed and sewn in Poland from Polish materials,
- The cotton jersey is certified according to Oeko-tex Standard 100 and GOTS.
- Fits to the 7-in-1 Waldin Baby Collection cot extension.",24,0.2,>20%  <30%,CHAMPAGNE,"Cotton 190gr 
95% cotton 
5% elastane",93 cm/ 44 cm,"0,35 kg",22 cm/ 18 cm/12 cm,"0,5 kg",PHOTOS
SH-SIDEBED-BLUE,5904844915344,Sheet dedicated to the 7in1 sidebed,,,"Technical information:
- designed and sewn in Poland from Polish materials,
- The cotton jersey is certified according to Oeko-tex Standard 100 and GOTS.
- Fits to the 7-in-1 Waldin Baby Collection cot extension.",24,0.2,>20%  <30%,BLUE,"Cotton 190gr 
95% cotton 
5% elastane",93 cm/ 44 cm,"0,35 kg",22 cm/ 18 cm/12 cm,"0,5 kg",PHOTOS
SH-SIDEBED-ROSE,5904844915320,Sheet dedicated to the 7in1 sidebed,,,"Technical information:
- designed and sewn in Poland from Polish materials,
- The cotton jersey is certified according to Oeko-tex Standard 100 and GOTS.
- Fits to the 7-in-1 Waldin Baby Collection cot extension.",24,0.2,>20%  <30%,ROSE,"Cotton 190gr 
95% cotton 
5% elastane",93 cm/ 44 cm,"0,35 kg",22 cm/ 18 cm/12 cm,"0,5 kg",PHOTOS
SH-SIDEBED-PINK,5904844919441,Sheet dedicated to the 7in1 sidebed,,,"Technical information:
- designed and sewn in Poland from Polish materials,
- The cotton jersey is certified according to Oeko-tex Standard 100 and GOTS.
- Fits to the 7-in-1 Waldin Baby Collection cot extension.",24,0.2,>20%  <30%,PINK,"Cotton 190gr 
95% cotton 
5% elastane",93 cm/ 44 cm,"0,35 kg",22 cm/ 18 cm/12 cm,"0,5 kg",PHOTOS
SH-SIDEBED-TAUPE,5904844915337,Sheet dedicated to the 7in1 sidebed,,,"Technical information:
- designed and sewn in Poland from Polish materials,
- The cotton jersey is certified according to Oeko-tex Standard 100 and GOTS.
- Fits to the 7-in-1 Waldin Baby Collection cot extension.""",24,0.2,>20%  <30%,BROWN,"Cotton 190gr 
95% cotton 
5% elastane",93 cm/ 44 cm,"0,35 kg",22 cm/ 18 cm/12 cm,"0,5 kg",PHOTOS
SH-SIDEBED-GRAY,5904844917164,Sheet dedicated to the 7in1 sidebed,,,"Technical information:
- designed and sewn in Poland from Polish materials,
- The cotton jersey is certified according to Oeko-tex Standard 100 and GOTS.
- Fits to the 7-in-1 Waldin Baby Collection cot extension.""",24,0.2,>20%  <30%,GRAY,"Cotton 190gr 
95% cotton 
5% elastane",93 cm/ 44 cm,"0,35 kg",22 cm/ 18 cm/12 cm,"0,5 kg",
SH-SIDEBED-GRAPHITE,5904844917171,Sheet dedicated to the 7in1 sidebed,,,"Technical information:
- designed and sewn in Poland from Polish materials,
- The cotton jersey is certified according to Oeko-tex Standard 100 and GOTS.
- Fits to the 7-in-1 Waldin Baby Collection cot extension.""",24,0.2,>20%  <30%,GRAPHITE,"Cotton 190gr 
95% cotton 
5% elastane",93 cm/ 44 cm,"0,35 kg",22 cm/ 18 cm/12 cm,"0,5 kg",
SH-TABLE-WP,5904844915764,Cotton waterproof sheet for changing table,,,"Information about the sheet:
- waterproof sheet for changing table,
- designed and sewn in Poland from Polish materials.",25,0.2,>20%  <30%,WHITE,"70% cotton 
30% elastane
Inner membrane
100% Polyurethane",70cm x 50 cm (+/- 2cm),"0,35 kg",,,
SH-TABLE-BEIGE,5904844915498,Sheet dedicated to the baby changing table.,,,"Technical information:
- designed and sewn in Poland from Polish materials,
- the cotton jersey has the Oeko-tex Standard 100 Certificate
- Fits the 7in1 Waldin Baby Collection cot extension.",25,0.2,>20%  <30%,BEIGE,"Cotton 190gr 
95% cotton 
5% elastane",70cm x 50 cm (+/- 2cm),"0,35 kg",,,PHOTOS
SH-TABLE-CHAMPAGNE,5904844919502,Sheet dedicated to the baby changing table.,,,"Technical information:
- designed and sewn in Poland from Polish materials,
- the cotton jersey has the Oeko-tex Standard 100 Certificate
- Fits the 7in1 Waldin Baby Collection cot extension.",25,0.2,>20%  <30%,CHAMPAGNE,"Cotton 190gr 
95% cotton 
5% elastane",70cm x 50 cm (+/- 2cm),"0,35 kg",,,PHOTOS
SH-TABLE-WHITE,5904844915504,Sheet dedicated to the baby changing table.,,,"Technical information:
- designed and sewn in Poland from Polish materials,
- the cotton jersey has the Oeko-tex Standard 100 Certificate
- Fits the 7in1 Waldin Baby Collection cot extension.",25,0.2,>20%  <30%,WHITE,100% Cotton,70cm x 50 cm (+/- 2cm),"0,35 kg",,,PHOTOS
SH-TABLE-BLUE,5904844915511,Sheet dedicated to the baby changing table.,,,"Technical information:
- designed and sewn in Poland from Polish materials,
- the cotton jersey has the Oeko-tex Standard 100 Certificate
- Fits the 7in1 Waldin Baby Collection cot extension.",25,0.2,>20%  <30%,BLUE,"Cotton 190gr 
95% cotton 
5% elastane",70cm x 50 cm (+/- 2cm),"0,35 kg",,,PHOTOS
SH-TABLE-ROSE,5904844915528,Sheet dedicated to the baby changing table.,,,"Technical information:
- designed and sewn in Poland from Polish materials,
- the cotton jersey has the Oeko-tex Standard 100 Certificate
- Fits the 7in1 Waldin Baby Collection cot extension.",25,0.2,>20%  <30%,ROSE,"Cotton 190gr 
95% cotton 
5% elastane",70cm x 50 cm (+/- 2cm),"0,35 kg",,,PHOTOS
SH-TABLE-PINK,5904844919458,Sheet dedicated to the baby changing table.,,,"Technical information:
- designed and sewn in Poland from Polish materials,
- the cotton jersey has the Oeko-tex Standard 100 Certificate
- Fits the 7in1 Waldin Baby Collection cot extension.",25,0.2,>20%  <30%,PINK,"Cotton 190gr 
95% cotton 
5% elastane",70cm x 50 cm (+/- 2cm),"0,35 kg",,,PHOTOS
SH-TABLE-TAUPE,5904844915535,Sheet dedicated to the baby changing table.,,,"Technical information:
- designed and sewn in Poland from Polish materials,
- the cotton jersey has the Oeko-tex Standard 100 Certificate
- Fits the 7in1 Waldin Baby Collection cot extension.",25,0.2,>20%  <30%,BROWN,"Cotton 190gr 
95% cotton 
5% elastane",70cm x 50 cm (+/- 2cm),"0,35 kg",,,PHOTOS
SH-TABLE-GRAY,5904844916976,Sheet dedicated to the baby changing table.,,,"Technical information:
- designed and sewn in Poland from Polish materials,
- the cotton jersey has the Oeko-tex Standard 100 Certificate
- Fits the 7in1 Waldin Baby Collection cot extension.",25,0.2,>20%  <30%,GRAY,"Cotton 190gr 
95% cotton 
5% elastane",70cm x 50 cm (+/- 2cm),"0,35 kg",,,
SH-TABLE-GRAPHITE,5904844916983,Sheet dedicated to the baby changing table.,,,"Technical information:
- designed and sewn in Poland from Polish materials,
- the cotton jersey has the Oeko-tex Standard 100 Certificate
- Fits the 7in1 Waldin Baby Collection cot extension.",25,0.2,>20%  <30%,GRAPHITE,"Cotton 190gr 
95% cotton 
5% elastane",70cm x 50 cm (+/- 2cm),"0,35 kg",,,
CAN-TAUPE,5904844915245,Tulle canopy with support for a baby bed,,,"Soft tulle 45g/m2 ""
OEKO-TEX STANDARD 100""",69,0.2,>20%  <30%,BROWN,Soft tulle 45g/m2 ,700 cm/ 155 cm,1 kg,80 cm/ 18 cm/ 8 cm,"1,6 kg",PHOTOS
CAN-ROSE,5904844915252,Tulle canopy with support for a baby bed,,,"Soft tulle 45g/m2 ""
OEKO-TEX STANDARD 100""",69,0.2,>20%  <30%,ROSE,Soft tulle 45g/m2 ,700 cm/ 155 cm,1 kg,80 cm/ 18 cm/ 8 cm,"1,6 kg",
CAN-ECRU,5904844915269,Tulle canopy with support for a baby bed,,,"Soft tulle 45g/m2 ""
OEKO-TEX STANDARD 100""",69,0.2,>20%  <30%,ECRU,Soft tulle 45g/m2 ,700 cm/ 155 cm,1 kg,80 cm/ 18 cm/ 8 cm,"1,6 kg",
CAN-CHAMPAGNE,5904844915276,Tulle canopy with support for a baby bed,,,"Soft tulle 45g/m2 ""
OEKO-TEX STANDARD 100""",69,0.2,>20%  <30%,CHAMPAGNE BEIGE,Soft tulle 45g/m2 ,700 cm/ 155 cm,1 kg,80 cm/ 18 cm/ 8 cm,"1,6 kg",
CAN-GRAY,5904844915849,Tulle canopy with support for a baby bed,,,"Soft tulle 45g/m2 ""
OEKO-TEX STANDARD 100""",69,0.2,>20%  <30%,CHAMPAGNE BEIGE,Soft tulle 45g/m2 ,700 cm/ 155 cm,1 kg,80 cm/ 18 cm/ 8 cm,"1,6 kg",
CAN-BEIGE,5904844915856,Tulle canopy with support for a baby bed,,,"Soft tulle 45g/m2 ""
OEKO-TEX STANDARD 100""",69,0.2,>20%  <30%,CHAMPAGNE BEIGE,Soft tulle 45g/m2 ,700 cm/ 155 cm,1 kg,80 cm/ 18 cm/ 8 cm,"1,6 kg",
B-11,5904844913760,Canopy,,,"A canopy on a bar, attached to the bed using special brackets.
Made of cotton and voile.",59,0.2,>20%  <30%,GRAY,Fabric,300 cm/ 155 cm,1 kg,80 cm/ 18 cm/ 8 cm,"1,6 kg",PHOTOS
B-SMIX                           ,5904844913777,Canopy,,,"A canopy on a bar, attached to the bed using special brackets.
Made of cotton and voile.",59,0.2,>20%  <30%,GALAXY,Fabric,300 cm/ 155 cm,1 kg,79 cm/ 17 cm/ 5 cm,"1,6 kg",PHOTOS
B-77,5904844913784,Canopy,,,"A canopy on a bar, attached to the bed using special brackets.
Made of cotton and voile.",59,0.2,>20%  <30%,POWDER PINK,Fabric,300 cm/ 155 cm,1 kg,79 cm/ 17 cm/ 5 cm,"1,6 kg",PHOTOS
B-88,5904844913791,Canopy,,,"A canopy on a bar, attached to the bed using special brackets.
Made of cotton and voile.",59,0.2,>20%  <30%,WHITE,Fabric,300 cm/ 155 cm,1 kg,79 cm/ 17 cm/ 5 cm,"1,6 kg",PHOTOS
B-P18                             ,5904844913814,Canopy,,,"A canopy on a bar, attached to the bed using special brackets.
Made of cotton and voile.",59,0.2,>20%  <30%,GRAY DOTS,Fabric,300 cm/ 155 cm,1 kg,79 cm/ 17 cm/ 5 cm,"1,6 kg",PHOTOS
B-PP                               ,5904844913821,Canopy,,,"A canopy on a bar, attached to the bed using special brackets.
Made of cotton and voile.",59,0.2,>20%  <30%,OWLS,Fabric,300 cm/ 155 cm,1 kg,79 cm/ 17 cm/ 5 cm,"1,6 kg",PHOTOS
SET-23,5904844912183,7-IN-1 SET OF TEXTILE ACCESSORIES FOR BABY BEDS,,,"EQUIPMENT FOR 7-IN-1 BEDS - SMALL AND LARGE BEDDING SET, BED DACHIN, COVER, SET OF SHEET",179,0.2,>20%  <30%,PURPLE,COTTON 100%,,,80 cm/ 38 cm/ 17 cm,5 kg,
,,,,,,,,>20%  <30%,,,,,,,
SET-8P,5904844912190,7-IN-1 SET OF TEXTILE ACCESSORIES FOR BABY BEDS,,,"EQUIPMENT FOR 7-IN-1 BEDS - SMALL AND LARGE BEDDING SET, BED DACHIN, COVER, SET OF SHEET",179,0.2,>20%  <30%,OWLS/WHITE,COTTON 100%,,,80 cm/ 38 cm/ 17 cm,5 kg,PHOTOS
,,,,,,,,>20%  <30%,,,,,,,
SET-P18,5904844912206,7-IN-1 SET OF TEXTILE ACCESSORIES FOR BABY BEDS,,,"EQUIPMENT FOR 7-IN-1 BEDS - SMALL AND LARGE BEDDING SET, BED DACHIN, COVER, SET OF SHEET",179,0.2,>20%  <30%,GRAY DOTS,COTTON 100%,,,80 cm/ 38 cm/ 17 cm,5 kg,PHOTOS
,,,,,,,,>20%  <30%,,,,,,,
SET-38,5904844912213,7-IN-1 SET OF TEXTILE ACCESSORIES FOR BABY BEDS,,,"EQUIPMENT FOR 7-IN-1 BEDS - SMALL AND LARGE BEDDING SET, BED DACHIN, COVER, SET OF SHEET",179,0.2,>20%  <30%,BLUE,COTTON 100%,,,80 cm/ 38 cm/ 17 cm,5 kg,PHOTOS
,,,,,,,,>20%  <30%,,,,,,,
SET-S81,5904844912220,7-IN-1 SET OF TEXTILE ACCESSORIES FOR BABY BEDS,,,"EQUIPMENT FOR 7-IN-1 BEDS - SMALL AND LARGE BEDDING SET, BED DACHIN, COVER, SET OF SHEET",179,0.2,>20%  <30%,WHITE OLD PEOPLE,COTTON 100%,,,80 cm/ 38 cm/ 17 cm,5 kg,PHOTOS
,,,,,,,,>20%  <30%,,,,,,,
SET-8S1,5904844912237,7-IN-1 SET OF TEXTILE ACCESSORIES FOR BABY BEDS,,,"EQUIPMENT FOR 7-IN-1 BEDS - SMALL AND LARGE BEDDING SET, BED DACHIN, COVER, SET OF SHEET",179,0.2,>20%  <30%,GRAY OLDS,COTTON 100%,,,80 cm/ 38 cm/ 17 cm,5 kg,PHOTOS
,,,,,,,,>20%  <30%,,,,,,,
SET-L8,5904844912244,7-IN-1 SET OF TEXTILE ACCESSORIES FOR BABY BEDS,,,"EQUIPMENT FOR 7-IN-1 BEDS - SMALL AND LARGE BEDDING SET, BED DACHIN, COVER, SET OF SHEET",179,0.2,>20%  <30%,FOREST,COTTON 100%,,,80 cm/ 38 cm/ 17 cm,5 kg,PHOTOS
,,,,,,,,>20%  <30%,,,,,,,
SET-11,5904844912251,7-IN-1 SET OF TEXTILE ACCESSORIES FOR BABY BEDS,,,"EQUIPMENT FOR 7-IN-1 BEDS - SMALL AND LARGE BEDDING SET, BED DACHIN, COVER, SET OF SHEET",179,0.2,>20%  <30%,GRAY,COTTON 100%,,,80 cm/ 38 cm/ 17 cm,5 kg,PHOTOS
,,,,,,,,>20%  <30%,,,,,,,
SET-S13,5904844912268,7-IN-1 SET OF TEXTILE ACCESSORIES FOR BABY BEDS,,,"EQUIPMENT FOR 7-IN-1 BEDS - SMALL AND LARGE BEDDING SET, BED DACHIN, COVER, SET OF SHEET",179,0.2,>20%  <30%,BLUE STARS,COTTON 100%,,,80 cm/ 38 cm/ 17 cm,5 kg,PHOTOS
,,,,,,,,>20%  <30%,,,,,,,
SET-S17,5904844912275,7-IN-1 SET OF TEXTILE ACCESSORIES FOR BABY BEDS,,,"EQUIPMENT FOR 7-IN-1 BEDS - SMALL AND LARGE BEDDING SET, BED DACHIN, COVER, SET OF SHEET",179,0.2,>20%  <30%,PINK STARS,COTTON 100%,,,80 cm/ 38 cm/ 17 cm,5 kg,PHOTOS
,,,,,,,,>20%  <30%,,,,,,,
SET-SMIX,5904844912282,7-IN-1 SET OF TEXTILE ACCESSORIES FOR BABY BEDS,,,"EQUIPMENT FOR 7-IN-1 BEDS - SMALL AND LARGE BEDDING SET, BED DACHIN, COVER, SET OF SHEET",179,0.2,>20%  <30%,GALAXY,COTTON 100%,,,80 cm/ 38 cm/ 17 cm,5 kg,PHOTOS
,,,,,,,,>20%  <30%,,,,,,,
SET-8L,5904844912299,7-IN-1 SET OF TEXTILE ACCESSORIES FOR BABY BEDS,,,"EQUIPMENT FOR 7-IN-1 BEDS - SMALL AND LARGE BEDDING SET, BED DACHIN, COVER, SET OF SHEET",179,0.2,>20%  <30%,FOREST/WHITE,COTTON 100%,,,80 cm/ 38 cm/ 17 cm,5 kg,PHOTOS
SET-88,5904844912305,7-IN-1 SET OF TEXTILE ACCESSORIES FOR BABY BEDS,,,"EQUIPMENT FOR 7-IN-1 BEDS - SMALL AND LARGE BEDDING SET, BED DACHIN, COVER, SET OF SHEET",179,0.2,>20%  <30%,WHITE,COTTON 100%,,,80 cm/ 38 cm/ 17 cm,5 kg,PHOTOS
SET-P8,5904844912312,7-IN-1 SET OF TEXTILE ACCESSORIES FOR BABY BEDS,,,"EQUIPMENT FOR 7-IN-1 BEDS - SMALL AND LARGE BEDDING SET, BED DACHIN, COVER, SET OF SHEET",179,0.2,>20%  <30%,OWLS,COTTON 100%,,,80 cm/ 38 cm/ 17 cm,5 kg,PHOTOS
SET-77,5904844913982,7-IN-1 SET OF TEXTILE ACCESSORIES FOR BABY BEDS,,,"EQUIPMENT FOR 7-IN-1 BEDS - SMALL AND LARGE BEDDING SET, BED DACHIN, COVER, SET OF SHEET",179,0.2,>20%  <30%,POWDER PINK,COTTON 100%,,,80 cm/ 38 cm/ 17 cm,5 kg,PHOTOS
B-02,5904844913616,Braid,,,"3-band braid, rung protector.

Length: 210cm

Storage cover.",54.9,0.2,>20%  <30%,BEIGE,COTTON 100%,210 cm / 10 cm/ 18 cm,"1,5 kg",47 cm / 47 cm / 16 cm,2 kg,PHOTOS
B-05,5904844913623,Braid,,,"3-band braid, rung protector.

Length: 210cm

Storage cover.",54.9,0.2,>20%  <30%,LIGHT PINK,COTTON 100%,210 cm / 10 cm/ 18 cm,"1,5 kg",47 cm / 47 cm / 16 cm,2 kg,
B-09,5904844913609,Braid,,,"3-band braid, rung protector.

Length: 210cm

Storage cover.",54.9,0.2,>20%  <30%,GREEN,COTTON 100%,210 cm / 10 cm/ 18 cm,"1,5 kg",47 cm / 47 cm / 16 cm,2 kg,
B-12,5904844913630,Braid,,,"3-band braid, rung protector.

Length: 210cm

Storage cover.",54.9,0.2,>20%  <30%,LIGHT GREY,COTTON 100%,210 cm / 10 cm/ 18 cm,"1,5 kg",47 cm / 47 cm / 16 cm,2 kg,
B-W-01,5904844914613,Velour braid,,,"3-band velour braid, rung protector.

Length: 210cm

Storage cover.",54.9,0.2,>20%  <30%,ECRU,"velour, 380 grams, 100% polyester, silicone ball, grade I, white ",210 cm / 10 cm/ 18 cm,"1,5 kg",47 cm / 47 cm / 16 cm,2 kg,PHOTOS
B-W-02,5904844914620,Velour braid,,,"3-band velour braid, rung protector.

Length: 210cm

Storage cover.",54.9,0.2,>20%  <30%,BEIGE,"velour, 380 grams, 100% polyester, silicone ball, grade I, white ",210 cm / 10 cm/ 18 cm,"1,5 kg",47 cm / 47 cm / 16 cm,2 kg,
B-W-03,5904844914637,Velour braid,,,"3-band velour braid, rung protector.

Length: 210cm

Storage cover.",54.9,0.2,>20%  <30%,CHOCOLATE,"velour, 380 grams, 100% polyester, silicone ball, grade I, white ",210 cm / 10 cm/ 18 cm,"1,5 kg",47 cm / 47 cm / 16 cm,2 kg,
B-W-04,5904844914644,Velour braid,,,"3-band velour braid, rung protector.

Length: 210cm

Storage cover.",54.9,0.2,>20%  <30%,PINK,"velour, 380 grams, 100% polyester, silicone ball, grade I, white ",210 cm / 10 cm/ 18 cm,"1,5 kg",47 cm / 47 cm / 16 cm,2 kg,
K-N,5904844911902,CRADLE,,,"Detailed information. - elegant design with a swing mechanism,
- fits square and oval beds,
- the locking pendulum can be easily moved by tilting it with your foot or hand,
- easy attachment to the bed,
- the cradle can be locked to use the bed in stable conditions.",229,0.2,>20%  <30%,NATURAL,BEECH WOOD,"96 cm/ 96cm/ 38cm
146 cm/ 96 cm/ 38 cm",8 kg,100 cm/ 52 cm/ 6 cm,9 kg,PHOTOS
K-W,5904844911551,CRADLE,,,"Detailed information. - elegant design with a swing mechanism,
- fits square and oval beds,
- the locking pendulum can be easily moved by tilting it with your foot or hand,
- easy attachment to the bed,
- the cradle can be locked to use the bed in stable conditions.",229,0.2,>20%  <30%,WHITE,BEECH WOOD,"96 cm/ 96cm/ 38cm
146 cm/ 96 cm/ 38 cm",8 kg,100 cm/ 52 cm/ 6 cm,9 kg,PHOTOS
,,,,,,,,>20%  <30%,,,,,,,
K-G,5904844911919,CRADLE,,,"Detailed information. - elegant design with a swing mechanism,
- fits square and oval beds,
- the locking pendulum can be easily moved by tilting it with your foot or hand,
- easy attachment to the bed,
- the cradle can be locked to use the bed in stable conditions.",229,0.2,>20%  <30%,GRAY,BEECH WOOD,"96 cm/ 96cm/ 38cm
146 cm/ 96 cm/ 38 cm",8 kg,100 cm/ 52 cm/ 6 cm,9 kg,PHOTOS
K-O,5904844915191,CRADLE,,,"Detailed information. - elegant design with a swing mechanism,
- fits square and oval beds,
- the locking pendulum can be easily moved by tilting it with your foot or hand,
- easy attachment to the bed,
- the cradle can be locked to use the bed in stable conditions.",229,0.2,>20%  <30%,OLIVE,BEECH WOOD,"96 cm/ 96cm/ 38cm
146 cm/ 96 cm/ 38 cm",8 kg,100 cm/ 52 cm/ 6 cm,9 kg,PHOTOS
K-V,5904844918871,CRADLE,,,"Detailed information. - elegant design with a swing mechanism,
- fits square and oval beds,
- the locking pendulum can be easily moved by tilting it with your foot or hand,
- easy attachment to the bed,
- the cradle can be locked to use the bed in stable conditions.",229,0.2,>20%  <30%,VINTAGE,BEECH WOOD,"96 cm/ 96cm/ 38cm
146 cm/ 96 cm/ 38 cm",8 kg,100 cm/ 52 cm/ 6 cm,9 kg,
DRAWER-N,5904844910622,DRAWER,,,"Detailed information. To be able to use two drawers, you need to purchase an extension for the 7-in-1 bed.
Dimensions: 76 x 51 x 29
Weight: 8 kg",137,0.2,>20%  <30%,NATURAL,WOOD,76 cm/ 51 cm/ 29 cm,8 kg,78 cm/ 49 cm/ 6cm,9 kg,PHOTOS
DRAWER-W,5904844910646,DRAWER,,,"Detailed information. To be able to use two drawers, you need to purchase an extension for the 7-in-1 bed.
Dimensions: 76 x 51 x 29
Weight: 8 kg",137,0.2,>20%  <30%,WHITE,WOOD,76 cm/ 51 cm/ 29 cm,8 kg,78 cm/ 49 cm/ 6cm,9 kg,PHOTOS
DRAWER-G,5904844910639,DRAWER,,,"Detailed information. To be able to use two drawers, you need to purchase an extension for the 7-in-1 bed.
Dimensions: 76 x 51 x 29
Weight: 8 kg",137,0.2,>20%  <30%,GRAY,WOOD,76 cm/ 51 cm/ 29 cm,8 kg,78 cm/ 49 cm/ 6cm,9 kg,PHOTOS
DRAWER-O,5904844915207,DRAWER,,,"Detailed information. To be able to use two drawers, you need to purchase an extension for the 7-in-1 bed.
Dimensions: 76 x 51 x 29
Weight: 8 kg",137,0.2,>20%  <30%,OLIVE,WOOD,76 cm/ 51 cm/ 29 cm,8 kg,78 cm/ 49 cm/ 6cm,9 kg,PHOTOS
DRAWER-GH,5904844918888,DRAWER,,,"Detailed information. To be able to use two drawers, you need to purchase an extension for the 7-in-1 bed.
Dimensions: 76 x 51 x 29
Weight: 8 kg",137,0.2,>20%  <30%,VINTAGE,WOOD,76 cm/ 51 cm/ 29 cm,8 kg,78 cm/ 49 cm/ 6cm,9 kg,
EX-N,5904844910486,BED EXTENSION,,,"Set contains:
- mattress,
- wooden elements,
- set of screws.",86,0.2,>20%  <30%,NATURAL,"BEECH WOOD,
FOAM, COTTON",73 cm/ 50 cm/ 6 cm,"1,5 kg",78 cm/59 cm/ 6cm,2 kg,PHOTO
EX-W,5904844910493,BED EXTENSION,,,"Set contains:
- mattress,
- wooden elements,
- set of screws.",86,0.2,>20%  <30%,WHITE,"BEECH WOOD,
FOAM, COTTON",73 cm/ 50 cm/ 6 cm,"1,5 kg",78 cm/59 cm/ 6cm,2 kg,PHOTO
EX-G,5904844910509,BED EXTENSION,,,"Set contains:
- mattress,
- wooden elements,
- set of screws.",86,0.2,>20%  <30%,GRAY,"BEECH WOOD,
FOAM, COTTON",73 cm/ 50 cm/ 6 cm,"1,5 kg",78 cm/59 cm/ 6cm,2 kg,PHOTO
EX-O,5904844915214,BED EXTENSION,,,"Set contains:
- mattress,
- wooden elements,
- set of screws.",86,0.2,>20%  <30%,OLIVE,"BEECH WOOD,
FOAM, COTTON",73 cm/ 50 cm/ 6 cm,"1,5 kg",78 cm/59 cm/ 6cm,2 kg,
EX-V,5904844918895,BED EXTENSION,,,"Set contains:
- mattress,
- wooden elements,
- set of screws.",86,0.2,>20%  <30%,VINTAGE,"BEECH WOOD,
FOAM, COTTON",73 cm/ 50 cm/ 6 cm,"1,5 kg",78 cm/59 cm/ 6cm,2 kg,
